{
    "epoch": [
        1,
        2,
        3,
        4,
        5,
        6,
        7,
        8,
        9,
        10,
        11,
        12,
        13,
        14,
        15,
        16,
        17,
        18,
        19,
        20,
        21,
        22,
        23,
        24,
        25,
        26,
        27,
        28,
        29,
        30,
        31,
        32,
        33,
        34,
        35,
        36,
        37,
        38,
        39,
        40,
        41,
        42,
        43,
        44,
        45,
        46,
        47,
        48,
        49,
        50,
        51,
        52,
        53,
        54,
        55,
        56,
        57,
        58,
        59,
        60,
        61,
        62,
        63,
        64,
        65,
        66,
        67,
        68,
        69,
        70,
        71,
        72,
        73,
        74,
        75,
        76,
        77,
        78,
        79,
        80,
        81,
        82,
        83,
        84,
        85,
        86,
        87,
        88,
        89,
        90,
        91,
        92,
        93,
        94,
        95,
        96,
        97,
        98,
        99,
        100
    ],
    "train_loss": [
        2.8020905171207446,
        1.4948277029440031,
        1.2553094703827672,
        1.2029575775616133,
        1.1845191959160657,
        1.1686402344344249,
        1.1580279768411839,
        1.152728781149016,
        1.1480635958580516,
        1.1440461871372396,
        1.1421792598465579,
        1.1395129053077506,
        1.1385725399477398,
        1.1370739971812647,
        1.1358130654138536,
        1.1353322691414225,
        1.1343899974631304,
        1.1340146245908498,
        1.133732064069815,
        1.1331072566018032,
        1.132931339608964,
        1.132767324639325,
        1.132407854190424,
        1.1319498362613083,
        1.1322115039346206,
        1.1319455242875833,
        1.1320548046533785,
        1.1322421052827307,
        1.1317559703270994,
        1.1316911923106592,
        1.1318153992370146,
        1.131941343983214,
        1.1315578387370662,
        1.1317174755508577,
        1.1316527731095127,
        1.1316611019450815,
        1.131666192768806,
        1.1318604480800916,
        1.1316964610497555,
        1.1317659320543758,
        1.1316554413129336,
        1.1317278548580918,
        1.1317741510017434,
        1.1315696387554532,
        1.1315194884736335,
        1.1317286275978664,
        1.1315807163056417,
        1.1317330326387032,
        1.1316380344323775,
        1.1316991701317791,
        1.1315954998869393,
        1.1315169059092076,
        1.1319933066535834,
        1.1315313517508194,
        1.1316346084412618,
        1.1316060129961176,
        1.13167124288166,
        1.1317642884518033,
        1.1317323889085396,
        1.1316244410989273,
        1.1318900880861522,
        1.1317361241249584,
        1.1314885055839117,
        1.1318387157114307,
        1.1315253473885694,
        1.131544562344575,
        1.1316367396397806,
        1.1314655343012594,
        1.1317494499743284,
        1.131602856861287,
        1.1317523323231606,
        1.1317645588831686,
        1.1316821135947452,
        1.1317042938548716,
        1.1316816219253156,
        1.131547663822845,
        1.1315036224719868,
        1.1317058496379373,
        1.1316934426465826,
        1.131641167396277,
        1.1316407122683885,
        1.1317680195228539,
        1.1314180190119911,
        1.1317193533787175,
        1.1315189232179268,
        1.1316398265014342,
        1.131556487227205,
        1.1318039680126324,
        1.1319588825331262,
        1.1317082632486544,
        1.1315354131813624,
        1.1314756630413496,
        1.131498082295135,
        1.1317684770948324,
        1.1316696289196686,
        1.1315124985440892,
        1.1312994070388565,
        1.1314940395067685,
        1.1316389525715431,
        1.1318397381557292
    ],
    "val_loss": [
        5.338020714040808,
        5.2584341279629285,
        5.313612582778874,
        5.328372965873316,
        5.3470790824771965,
        5.353325882990604,
        5.350905100598345,
        5.363070132757362,
        5.37155696117943,
        5.377873319214223,
        5.37859143470835,
        5.38229925869172,
        5.383829004769129,
        5.390077338209545,
        5.388353641308555,
        5.392497564913126,
        5.399625398641773,
        5.396828326455856,
        5.397772070826603,
        5.398896681311068,
        5.400178423109335,
        5.400778336235865,
        5.401859469497462,
        5.402963731787975,
        5.403399831127815,
        5.403569038752381,
        5.403537355775519,
        5.402894498957594,
        5.404140497734631,
        5.404176754099655,
        5.4040407998703595,
        5.403752652711442,
        5.403999044578993,
        5.404223566580037,
        5.404192549374484,
        5.404203840194682,
        5.4043281011867,
        5.404238479646333,
        5.404281149573128,
        5.404274503044154,
        5.404323982830191,
        5.404388294017391,
        5.40439309495655,
        5.40439728611531,
        5.404429958077338,
        5.404426440145962,
        5.404428917673384,
        5.4044256677387,
        5.404427264042353,
        5.404426255643253,
        5.404427315953524,
        5.404430642348156,
        5.404424146699209,
        5.40442581925179,
        5.40442585245243,
        5.404427409717195,
        5.404430223260416,
        5.404424522949682,
        5.4044206448757715,
        5.404421077046814,
        5.404417330157635,
        5.404428542266994,
        5.404435079557422,
        5.404433872376524,
        5.404431904464859,
        5.4044388004910155,
        5.404438989214145,
        5.404445563925633,
        5.404446472933834,
        5.404450675136028,
        5.404463376702065,
        5.404456594556917,
        5.404449411823538,
        5.404451850734113,
        5.404461771957571,
        5.404467148140022,
        5.4044698290917035,
        5.404475821947908,
        5.404478288220874,
        5.404484245062824,
        5.404477477196765,
        5.404476226756558,
        5.40448313002777,
        5.404489153059979,
        5.40450215420552,
        5.404511005060039,
        5.404511064216264,
        5.404511214111526,
        5.404506630242653,
        5.404512657706304,
        5.404521749195122,
        5.404529014015676,
        5.404526387788779,
        5.404531006265098,
        5.404549848964774,
        5.404552429118749,
        5.404560150659125,
        5.404559669390525,
        5.404557481172919,
        5.404561668885002
    ],