{
    "epoch": [
        1,
        2,
        3,
        4,
        5,
        6,
        7,
        8,
        9,
        10,
        11,
        12,
        13,
        14,
        15,
        16,
        17,
        18,
        19,
        20,
        21,
        22,
        23,
        24,
        25,
        26,
        27,
        28,
        29,
        30,
        31,
        32,
        33,
        34,
        35,
        36,
        37,
        38,
        39,
        40,
        41,
        42,
        43,
        44,
        45,
        46,
        47,
        48,
        49,
        50,
        51,
        52,
        53,
        54,
        55,
        56,
        57,
        58,
        59,
        60,
        61,
        62,
        63,
        64,
        65,
        66,
        67,
        68,
        69,
        70,
        71,
        72,
        73,
        74,
        75,
        76,
        77,
        78,
        79,
        80,
        81,
        82,
        83,
        84,
        85,
        86,
        87,
        88,
        89,
        90,
        91,
        92,
        93,
        94,
        95,
        96,
        97,
        98,
        99,
        100
    ],
    "train_loss": [
        1.7258190179940955,
        1.0117420234182217,
        0.9644430243751295,
        0.9435602487640772,
        0.9308502725052206,
        0.9213756750540609,
        0.9160698034488539,
        0.9117455085805262,
        0.9078096181804852,
        0.9062404509658026,
        0.9049839048978611,
        0.9024850877911585,
        0.9010009870407775,
        0.9009755386555568,
        0.8997444392630777,
        0.8998782497061802,
        0.8988406595824796,
        0.8981724364932908,
        0.8980362004422419,
        0.8983234262474671,
        0.8976239808164265,
        0.8983047956159934,
        0.8971311728921768,
        0.8974176847325664,
        0.8970300438327041,
        0.896986026394773,
        0.8970626033771752,
        0.896787393207093,
        0.8974338448663562,
        0.8967424974306396,
        0.8971720670171958,
        0.8971984792116854,
        0.8974460176893948,
        0.8967374140206491,
        0.8971350314835375,
        0.8968944756654157,
        0.8969744997058594,
        0.8969618716270691,
        0.8966942241915455,
        0.8966877744031814,
        0.8966610653630723,
        0.897180787913845,
        0.8970595320676935,
        0.8974042043770508,
        0.8968469935362737,
        0.8968082460951444,
        0.8967604144783684,
        0.8966905627030394,
        0.8965055941402428,
        0.8969044300256171,
        0.8969041681579439,
        0.8968572882825648,
        0.8972123533231543,
        0.8967791775783411,
        0.8968910346533268,
        0.896556744665589,
        0.8971545666011617,
        0.8970860033484073,
        0.8968510338598308,
        0.8972919440188446,
        0.8971263758357951,
        0.897263496123689,
        0.8971779390308661,
        0.8971119672257425,
        0.8970594975463696,
        0.8970589009368689,
        0.8971434770473089,
        0.896660679022938,
        0.8970819612670264,
        0.896945145216538,
        0.8964948754975011,
        0.896893946038613,
        0.8967472445023417,
        0.8968484202437079,
        0.8966472723277907,
        0.8963448902503335,
        0.8968936184963099,
        0.8965843092165443,
        0.8969127172273217,
        0.8973631301712285,
        0.8968359038622572,
        0.8967154071831043,
        0.8972211299242769,
        0.8965714259786504,
        0.897055980034615,
        0.8969227120861343,
        0.8967050442284452,
        0.8974337228521019,
        0.8970472438256729,
        0.8965599380614234,
        0.8970311204928846,
        0.8966141427849358,
        0.8970114721604244,
        0.8963525643629396,
        0.8972544858075391,
        0.8969803600087157,
        0.8968457203465915,
        0.8966897478006682,
        0.8968548387036703,
        0.8970278177720858
    ],
    "val_loss": [
        2.5766530407525097,
        2.466398483319192,
        2.4795366935367618,
        2.496123119545312,
        2.4666836615877035,
        2.4697111225292883,
        2.477486837713212,
        2.486410786656724,
        2.479731389277957,
        2.4844955257389416,
        2.4908291630588457,
        2.489912688629203,
        2.4937301093844346,
        2.4866069203213708,
        2.492859704918606,
        2.4903700347597324,
        2.49031308977921,
        2.4926033341205183,
        2.4903855949691747,
        2.491741789849105,
        2.490772678856199,
        2.4895745674357306,
        2.4895285983571527,
        2.4904132181704557,
        2.4908926853450057,
        2.49149069431944,
        2.4910466547457046,
        2.4909928973268762,
        2.491160800831717,
        2.4912446459340307,
        2.491242162921886,
        2.4912961109932223,
        2.4913278412530664,
        2.4913116362016643,
        2.491404001371025,
        2.4914216394045603,
        2.491493907823052,
        2.4915071769081867,
        2.491521101129693,
        2.4915439930192753,
        2.491598025504789,
        2.4915968964136943,
        2.491584639886912,
        2.491585471675392,
        2.4915780156387566,
        2.4915746296008017,
        2.491576942961039,
        2.4915753617393746,
        2.4915749252563106,
        2.4915706868410523,
        2.491572694663145,
        2.491572539011637,
        2.4915744916556823,
        2.4915731793240563,
        2.491575425564728,
        2.491573834460428,
        2.491573990111936,
        2.4915718365209707,
        2.491571088734892,
        2.4915695202782984,
        2.4915689557327507,
        2.4915695655737102,
        2.4915702581817416,
        2.4915713250945886,
        2.4915711418540574,
        2.491571096558645,
        2.4915722610625166,
        2.4915726650152386,
        2.4915726147785087,
        2.491573068967961,
        2.4915755635098473,
        2.4915759073432038,
        2.491577177261853,
        2.491578286587677,
        2.4915804195898184,
        2.4915821861108967,
        2.4915818097471987,
        2.4915808610142,
        2.49158045912036,
        2.49157778627926,
        2.491579615802139,
        2.4915812373778983,
        2.491581719156374,
        2.4915800127546612,
        2.4915814885615477,
        2.4915809013682946,
        2.4915781959968526,
        2.4915798826332947,
        2.4915783693547486,
        2.49157999298939,
        2.4915789063112723,
        2.4915785476539627,
        2.4915809318397537,
        2.4915797949249057,
        2.4915797298642226,
        2.4915792983224767,
        2.4915745653636714,
        2.4915734235075058,
        2.4915717368710637,
        2.491570007821645
    ],