{
    "epoch": [
        1,
        2,
        3,
        4,
        5,
        6,
        7,
        8,
        9,
        10,
        11,
        12,
        13,
        14,
        15,
        16,
        17,
        18,
        19,
        20,
        21,
        22,
        23,
        24,
        25,
        26,
        27,
        28,
        29,
        30,
        31,
        32,
        33,
        34,
        35,
        36,
        37,
        38,
        39,
        40,
        41,
        42,
        43,
        44,
        45,
        46,
        47,
        48,
        49,
        50,
        51,
        52,
        53,
        54,
        55,
        56,
        57,
        58,
        59,
        60,
        61,
        62,
        63,
        64,
        65,
        66,
        67,
        68,
        69,
        70,
        71,
        72,
        73,
        74,
        75,
        76,
        77,
        78,
        79,
        80,
        81,
        82,
        83,
        84,
        85,
        86,
        87,
        88,
        89,
        90,
        91,
        92,
        93,
        94,
        95,
        96,
        97,
        98,
        99,
        100
    ],
    "train_loss": [
        4.091619832687499,
        1.2967225215295068,
        1.050390887969679,
        1.0100774528982681,
        0.9746473963855821,
        0.961594123927167,
        0.9541781521763093,
        0.94809442757886,
        0.9431517177301758,
        0.9405982261086437,
        0.9388546867751385,
        0.9365678704940494,
        0.9359862292706865,
        0.934304556922397,
        0.9334835269955162,
        0.9330494767089678,
        0.932364115603382,
        0.9326552759938994,
        0.9313007606706014,
        0.9317704699465813,
        0.9314939798293186,
        0.9309580223064943,
        0.9299558511269522,
        0.9306162385807872,
        0.9312474135292181,
        0.9307301817281715,
        0.9302577516865695,
        0.9300952170003312,
        0.9300013213807028,
        0.929861544571693,
        0.9303252551164877,
        0.9302590863222774,
        0.9292005161774697,
        0.930061651602979,
        0.9299342546065513,
        0.930812112259765,
        0.9294419825757984,
        0.9300349655295373,
        0.9303044941802597,
        0.9295517525418341,
        0.930569061352756,
        0.9304387846382451,
        0.9297949474748612,
        0.9294682036844695,
        0.9302785739263869,
        0.9299605267846925,
        0.9297293362042008,
        0.9305179324736356,
        0.9299865707985997,
        0.9297836858847874,
        0.9290045530948956,
        0.9307358945714526,
        0.9295205731438291,
        0.9305894961522696,
        0.9308894925184372,
        0.9300927042880218,
        0.930996242138261,
        0.930683490748913,
        0.9303657908121961,
        0.9301626013086036,
        0.9299248888500404,
        0.9297536502608804,
        0.9303685505996124,
        0.9303672793979167,
        0.9303651591553271,
        0.9307713069914153,
        0.9290038940054626,
        0.9294826609154468,
        0.9298714620807351,
        0.9296680898731643,
        0.9300664650572734,
        0.930308280244913,
        0.9308116507468187,
        0.9298890585975401,
        0.9293588146798253,
        0.9301757727620181,
        0.930273851945435,
        0.9298229237350318,
        0.9299312246532114,
        0.9293490739014877,
        0.9300208361611864,
        0.929966070475102,
        0.9299790155441293,
        0.9292461270391233,
        0.9312883494882181,
        0.929509995938588,
        0.9290293668907782,
        0.9299219790768157,
        0.9303682792673498,
        0.9302838398191052,
        0.9297751573642014,
        0.9304695505791695,
        0.92977018157304,
        0.9302452671394374,
        0.9298290349875973,
        0.9308332514269375,
        0.9307272999268583,
        0.931304134356869,
        0.9305087947667474,
        0.9308027041105377
    ],
    "val_loss": [
        4.796048328347875,
        4.615661931793075,
        4.553131966569305,
        4.464116217324097,
        4.4658775717964,
        4.48252948916336,
        4.493371510397795,
        4.498748910912561,
        4.50708846700677,
        4.513663164630734,
        4.516559637509859,
        4.521440184493949,
        4.525616227231954,
        4.5267174772547385,
        4.528475893029261,
        4.530068999501914,
        4.531121249652017,
        4.532031044161697,
        4.532809020167562,
        4.533408803637751,
        4.533893358653487,
        4.534435861250934,
        4.534709859217993,
        4.535056698915645,
        4.53527799666737,
        4.535403044515066,
        4.535571516908671,
        4.535748915434962,
        4.535834487207335,
        4.535922814278581,
        4.536016578588011,
        4.536059288957,
        4.5360880523785205,
        4.53611741130708,
        4.53613867910739,
        4.536161174601559,
        4.5361825351801395,
        4.536194318020506,
        4.536204957314746,
        4.536219249483687,
        4.53622386466324,
        4.5362293105319615,
        4.536236413463748,
        4.536239412575286,
        4.536242638238415,
        4.536244884335617,
        4.536246465881486,
        4.536247544698586,
        4.536249225495627,
        4.536249790795788,
        4.536250819987301,
        4.536251421967243,
        4.5362516981444205,
        4.53625203689299,
        4.536252250498776,
        4.536252664764542,
        4.536252852478718,
        4.536253204173092,
        4.536253404833073,
        4.536253894616037,
        4.536254246310411,
        4.536254397344805,
        4.536254610950591,
        4.536255087787749,
        4.536255351019121,
        4.536255689767691,
        4.536256104033457,
        4.53625693256499,
        4.53625747197354,
        4.536258438593662,
        4.5362586521994475,
        4.536259003893822,
        4.536259543302372,
        4.536259819479549,
        4.536260220799511,
        4.536260635065277,
        4.536261174473827,
        4.536261664256791,
        4.536261990059555,
        4.5362621281481434,
        4.536262818591088,
        4.536263709694012,
        4.536263847782601,
        4.536264337565564,
        4.53626455117135,
        4.5362651035257056,
        4.536265580362864,
        4.536265906165628,
        4.536266445574178,
        4.536266846894139,
        4.536267034608314,
        4.536267310785492,
        4.536268001228436,
        4.536268415494202,
        4.536268527691181,
        4.536268991582534,
        4.536269606508281,
        4.536269731651064,
        4.536270208488222,
        4.536270659433771
    ],