{
    "epoch": [
        1,
        2,
        3,
        4,
        5,
        6,
        7,
        8,
        9,
        10,
        11,
        12,
        13,
        14,
        15,
        16,
        17,
        18,
        19,
        20,
        21,
        22,
        23,
        24,
        25,
        26,
        27,
        28,
        29,
        30,
        31,
        32,
        33,
        34,
        35,
        36,
        37,
        38,
        39,
        40,
        41,
        42,
        43,
        44,
        45,
        46,
        47,
        48,
        49,
        50,
        51,
        52,
        53,
        54,
        55,
        56,
        57,
        58,
        59,
        60,
        61,
        62,
        63,
        64,
        65,
        66,
        67,
        68,
        69,
        70,
        71,
        72,
        73,
        74,
        75,
        76,
        77,
        78,
        79,
        80,
        81,
        82,
        83,
        84,
        85,
        86,
        87,
        88,
        89,
        90,
        91,
        92,
        93,
        94,
        95,
        96,
        97,
        98,
        99,
        100
    ],
    "train_loss": [
        4.6055852818493195,
        4.142354723893719,
        3.847640187926683,
        3.5475166475818862,
        3.286768336304596,
        3.0560837089311597,
        2.8620925674336304,
        2.6866069985633554,
        2.535067166444941,
        2.366786009526103,
        2.286017050934541,
        2.218370094461915,
        2.142364650942421,
        2.108900124751631,
        2.072008458832347,
        2.037179349706261,
        2.0173360077400004,
        2.008536768758855,
        1.9962530777714067,
        1.9767109525759206,
        1.971315494283238,
        1.9645742777065296,
        1.959888438284174,
        1.9539750676283907,
        1.9547174932440197,
        1.9466923218801764,
        1.9504276962435732,
        1.9419940355550405,
        1.9399531469608218,
        1.9435577260604013,
        1.945087015494918,
        1.9359702455867691,
        1.9436294279658268,
        1.940604771174399,
        1.9477221314845687,
        1.9450666031442776,
        1.9392982844582394,
        1.9354382207416856,
        1.9423684577335996,
        1.932080320262475,
        1.9399181273900779,
        1.9394435305713777,
        1.939025594502727,
        1.9363441607911056,
        1.9356926837128694,
        1.9367774681289394,
        1.9388150470774952,
        1.9330520451628497,
        1.9397501379352762,
        1.938400420180719,
        1.9390755585485406,
        1.942962513617619,
        1.9365954085447212,
        1.9369083209477511,
        1.9390440280382126,
        1.9419134479329565,
        1.9338781708060415,
        1.9461701950934356,
        1.9425747956241388,
        1.94108991956362,
        1.9407622799415494,
        1.9387957192697762,
        1.9394979505768006,
        1.935820872014201,
        1.9335745456107345,
        1.9400271905346762,
        1.9398773954208666,
        1.9348678559615902,
        1.9404269052907266,
        1.9417337403787143,
        1.9377265674687085,
        1.9378895034754882,
        1.9376370613630325,
        1.932263246906991,
        1.9429178496095403,
        1.9398991596478345,
        1.9398527743320477,
        1.935972756583064,
        1.9351954784311463,
        1.939391674873748,
        1.9419702275901696,
        1.9385156072468042,
        1.9386778734197376,
        1.935652050442715,
        1.9375179443454957,
        1.9392846790672098,
        1.9353673770731066,
        1.9359594753731864,
        1.9373641099518368,
        1.9378095943047067,
        1.9436058516628998,
        1.9363585017077776,
        1.936602160730269,
        1.940721266802936,
        1.9396120578653149,
        1.9440619573636535,
        1.9378478731965423,
        1.936706324449285,
        1.9422194033021731,
        1.9356741871429226
    ],
    "val_loss": [
        4.2808143075471925,
        4.183029306573159,
        4.113441709409724,
        4.044777614876808,
        4.020538163720429,
        4.002350486827844,
        4.014598747609193,
        4.017955564258424,
        4.054075294619809,
        4.046239502895269,
        4.051904448573453,
        4.065652167858855,
        4.069999951772739,
        4.067743223977624,
        4.081522421927444,
        4.082427065195403,
        4.090903945949205,
        4.092279417733042,
        4.092161376241576,
        4.095814311236709,
        4.098074791139066,
        4.097465872558699,
        4.096233187561825,
        4.0974887607422925,
        4.0989761031353416,
        4.100375302303228,
        4.100139533917521,
        4.100281603389865,
        4.100662773343154,
        4.100900203658715,
        4.101174898921723,
        4.101370805697532,
        4.101611176920678,
        4.101741313110773,
        4.101893995709988,
        4.101883912127665,
        4.101801979315302,
        4.101807125697688,
        4.1018776745376195,
        4.101933203418843,
        4.101927123127412,
        4.101983194730031,
        4.101979742396063,
        4.102006983056999,
        4.101986292936229,
        4.101982655302848,
        4.101980000168137,
        4.101988209343944,
        4.101988679592679,
        4.101991330609627,
        4.1019965535824365,
        4.101999809910803,
        4.101998234454008,
        4.101999494490022,
        4.102000051211816,
        4.101998731056438,
        4.101999719319978,
        4.102000125331582,
        4.101998725291566,
        4.10199807303763,
        4.101998750821708,
        4.101998821647262,
        4.101999624611389,
        4.101999879912803,
        4.1020000610944525,
        4.101999655082848,
        4.102000362514832,
        4.102001185244229,
        4.101999628729153,
        4.102000256276502,
        4.101999291895996,
        4.1019996139052,
        4.102000220863724,
        4.1020014800761855,
        4.102001298894536,
        4.102001850675013,
        4.102001258540442,
        4.10200101806298,
        4.102001128419076,
        4.10200267340441,
        4.102003556253173,
        4.10200425874384,
        4.102004047914284,
        4.1020051868880145,
        4.102004640048856,
        4.102003816495905,
        4.1020033800128415,
        4.102005302185428,
        4.102006507043394,
        4.102008213445107,
        4.102007872494186,
        4.102008053675834,
        4.10200903782161,
        4.102009243709848,
        4.102009705723052,
        4.102008897817608,
        4.10200832050699,
        4.10200909382321,
        4.10200943971545,
        4.1020086466339585
    ],