{
    "epoch": [
        1,
        2,
        3,
        4,
        5,
        6,
        7,
        8,
        9,
        10,
        11,
        12,
        13,
        14,
        15,
        16,
        17,
        18,
        19,
        20,
        21,
        22,
        23,
        24,
        25,
        26,
        27,
        28,
        29,
        30,
        31,
        32,
        33,
        34,
        35,
        36,
        37,
        38,
        39,
        40,
        41,
        42,
        43,
        44,
        45,
        46,
        47,
        48,
        49,
        50,
        51,
        52,
        53,
        54,
        55,
        56,
        57,
        58,
        59,
        60,
        61,
        62,
        63,
        64,
        65,
        66,
        67,
        68,
        69,
        70,
        71,
        72,
        73,
        74,
        75,
        76,
        77,
        78,
        79,
        80,
        81,
        82,
        83,
        84,
        85,
        86,
        87,
        88,
        89,
        90,
        91,
        92,
        93,
        94,
        95,
        96,
        97,
        98,
        99,
        100
    ],
    "train_loss": [
        4.256934457451206,
        3.3667501970532507,
        2.920844360139745,
        2.5864719874050945,
        2.3262050492265973,
        2.1206675714133874,
        1.9525196517738121,
        1.7995022231206854,
        1.734791990592934,
        1.6793300466159544,
        1.6183294949941622,
        1.59417193888739,
        1.5738444111464067,
        1.547240613840478,
        1.5309911827414577,
        1.5260851201384333,
        1.513947166211937,
        1.5056897533303149,
        1.5033286008532163,
        1.4952768066306934,
        1.4944079773717607,
        1.4903515162923069,
        1.4881183887968608,
        1.4904648230706319,
        1.4862176395837259,
        1.4830810282404923,
        1.4847088674611537,
        1.4828701973181153,
        1.4814174495103976,
        1.4807130626445335,
        1.4819490230136338,
        1.4845773526019719,
        1.4785031835698195,
        1.4828290546841971,
        1.4821776225883958,
        1.4830353760470731,
        1.4796090857457074,
        1.4801103228433954,
        1.481264759336403,
        1.4809582918224902,
        1.4807282475363335,
        1.4814578846477224,
        1.4818620308705803,
        1.4785817221118642,
        1.4771361075941232,
        1.4790611043791295,
        1.4777906750707086,
        1.4802199892785979,
        1.4782723370431157,
        1.4774219103242923,
        1.4794066076859318,
        1.4785439444263921,
        1.4780568158075176,
        1.4765870026211112,
        1.480764297109397,
        1.4837377440592268,
        1.4764093105903275,
        1.4863966274670717,
        1.4778945730150135,
        1.475541582340181,
        1.4823564260581776,
        1.481094075748911,
        1.4791686799653794,
        1.4807983579589477,
        1.4781125470739267,
        1.4779182483603222,
        1.48254635535066,
        1.4810650110670474,
        1.4759557947407436,
        1.4788207416057615,
        1.4806135463231198,
        1.4793941374645208,
        1.4789165799899706,
        1.484879499687233,
        1.4761538673096775,
        1.4799149321710505,
        1.4842310503986078,
        1.4796623995100722,
        1.4779063863459287,
        1.4864182367858219,
        1.4783918151355038,
        1.477644391127442,
        1.4810992826013876,
        1.4813839956799602,
        1.4794295690389392,
        1.4816357465076264,
        1.4818170272660596,
        1.4758399173374461,
        1.481633031981434,
        1.478996172601414,
        1.4794510837510657,
        1.4806531485678462,
        1.4778591756426267,
        1.482121651392778,
        1.4778968020041934,
        1.4804623258545764,
        1.4769247940117969,
        1.4786226353360503,
        1.48111006989882,
        1.4808968400208125
    ],
    "val_loss": [
        3.9214504955140215,
        3.756022773258427,
        3.6867665046237295,
        3.6689671111230404,
        3.6698033047875387,
        3.6920219311854177,
        3.7156888141533253,
        3.7018975453879137,
        3.7224189769830525,
        3.7341926101987637,
        3.75045014168932,
        3.7600895843769395,
        3.7695583020673102,
        3.767192842223278,
        3.777734123157508,
        3.7826038065763745,
        3.7826350595872844,
        3.7856081079736685,
        3.7895218572468337,
        3.7904393957068883,
        3.791023967591386,
        3.792345826078161,
        3.7935409092944314,
        3.793610032564206,
        3.79407775299125,
        3.793969188947134,
        3.794069914414269,
        3.7944242628950735,
        3.7943779965138806,
        3.794415729239403,
        3.7945420342611733,
        3.7946393485719883,
        3.794666924418975,
        3.7947619978422122,
        3.794778007711565,
        3.79479409334779,
        3.7948276918375017,
        3.7948683349991503,
        3.7948744087021584,
        3.7948752091956264,
        3.7948928381700795,
        3.794905365234006,
        3.7949187924413073,
        3.794922721612433,
        3.7949292260336343,
        3.7949326800147074,
        3.7949352750300536,
        3.7949354010336553,
        3.794940053284271,
        3.7949405992998773,
        3.7949407747166557,
        3.7949415883869704,
        3.7949414376767807,
        3.794941562856829,
        3.7949409550747517,
        3.794940724479926,
        3.7949412713190847,
        3.79494138167518,
        3.7949420841658466,
        3.7949421492265296,
        3.794942309819355,
        3.79494252064891,
        3.794942374880038,
        3.794943007368704,
        3.7949431226661168,
        3.794943333495672,
        3.794943830098101,
        3.7949439355128787,
        3.7949438251567833,
        3.794943980808291,
        3.794943750213465,
        3.7949436398573697,
        3.794944146342434,
        3.7949437395072767,
        3.794943202550753,
        3.7949427808916423,
        3.7949429768972447,
        3.7949431473727055,
        3.7949433631435783,
        3.7949435789144514,
        3.7949435887970866,
        3.794943397732802,
        3.7949429307782796,
        3.7949436736230404,
        3.794943618444993,
        3.794943884452596,
        3.7949439593959142,
        3.794943964337232,
        3.7949435830322162,
        3.7949436884469936,
        3.7949439042178668,
        3.794942775126772,
        3.7949435278541683,
        3.7949433120832956,
        3.7949428303048194,
        3.7949432766705185,
        3.7949435575020747,
        3.7949429950154094,
        3.7949426985363472,
        3.7949421813450948
    ],