{
    "epoch": [
        1,
        2,
        3,
        4,
        5,
        6,
        7,
        8,
        9,
        10,
        11,
        12,
        13,
        14,
        15,
        16,
        17,
        18,
        19,
        20,
        21,
        22,
        23,
        24,
        25,
        26,
        27,
        28,
        29,
        30,
        31,
        32,
        33,
        34,
        35,
        36,
        37,
        38,
        39,
        40,
        41,
        42,
        43,
        44,
        45,
        46,
        47,
        48,
        49,
        50,
        51,
        52,
        53,
        54,
        55,
        56,
        57,
        58,
        59,
        60,
        61,
        62,
        63,
        64,
        65,
        66,
        67,
        68,
        69,
        70,
        71,
        72,
        73,
        74,
        75,
        76,
        77,
        78,
        79,
        80,
        81,
        82,
        83,
        84,
        85,
        86,
        87,
        88,
        89,
        90,
        91,
        92,
        93,
        94,
        95,
        96,
        97,
        98,
        99,
        100
    ],
    "train_loss": [
        2.873524937605738,
        1.3919290388529024,
        1.2124711533886703,
        1.1816263462430867,
        1.1673419942328678,
        1.1574567274352414,
        1.1495651092241757,
        1.145184359550476,
        1.1411704920045096,
        1.1380870460146038,
        1.1360156195367401,
        1.1342085706289091,
        1.1331969506057662,
        1.131884427477966,
        1.1306653242015359,
        1.1302334063975654,
        1.1297274525560925,
        1.1296496223564723,
        1.1286965258756474,
        1.1287428118116292,
        1.1286285664448188,
        1.1281508511873946,
        1.1283642067981126,
        1.1277298099910793,
        1.1280037487451755,
        1.1278616460004645,
        1.1276805531918703,
        1.1276170575319222,
        1.1276376008508193,
        1.1276245877251554,
        1.127579890327837,
        1.1276893262767314,
        1.1273254968652773,
        1.1274513912200927,
        1.1274850051726528,
        1.1274301801854043,
        1.1271784468272223,
        1.1276459432247297,
        1.127456261308948,
        1.127630204076144,
        1.127388116462746,
        1.1274065582955901,
        1.127223961053781,
        1.1272994958216223,
        1.1272571760445982,
        1.1274400348998794,
        1.127453684710977,
        1.127814060072204,
        1.127355118564625,
        1.1272474708748823,
        1.1271478603593068,
        1.1272541766430266,
        1.1275689376418914,
        1.1273867661270065,
        1.1273958292678372,
        1.127647598400787,
        1.1274364511211912,
        1.1273087024209487,
        1.127397794771434,
        1.1273719742310107,
        1.1273787749352766,
        1.12742525805181,
        1.127422429472957,
        1.1271758696302097,
        1.1273752882252985,
        1.1273510465909489,
        1.1273013143443582,
        1.1271350723534972,
        1.1273807667727447,
        1.1272069148442254,
        1.1274637164302808,
        1.1277295788568469,
        1.1276382383749113,
        1.1273610428469865,
        1.127235049195026,
        1.1274461874171118,
        1.1275930549631166,
        1.1275254391186202,
        1.127358560106862,
        1.127262700933907,
        1.1272679123566978,
        1.1272556057407628,
        1.1275476419745978,
        1.12756498006121,
        1.127561798167588,
        1.1275186012498097,
        1.1275920294756865,
        1.1275307684088471,
        1.1274236149284709,
        1.1273577885651709,
        1.1273975150429423,
        1.12739061242971,
        1.1271100227078001,
        1.1274701230130604,
        1.12754141431358,
        1.1275751848077056,
        1.1275811629558927,
        1.1275250075210879,
        1.127614073537702,
        1.1270503878952869
    ],
    "val_loss": [
        5.429272027401854,
        5.329674377714327,
        5.492883169329224,
        5.577718518092967,
        5.60667161791,
        5.642488522662545,
        5.665660898459311,
        5.678701747886409,
        5.694587283296946,
        5.696589963487827,
        5.703318428265202,
        5.715764369913955,
        5.716305224166399,
        5.717528214407523,
        5.723218951399021,
        5.725849845800134,
        5.727452852958457,
        5.7271222328960345,
        5.732156794618797,
        5.730466303422328,
        5.730068183152755,
        5.7319747853338905,
        5.730571766591807,
        5.733119111582318,
        5.734445456048876,
        5.734346710100412,
        5.734421561998434,
        5.734965287051136,
        5.734791559215703,
        5.734738113289651,
        5.734857450668958,
        5.7351052459669525,
        5.735321353293921,
        5.73556233155796,
        5.735744517537798,
        5.735706682032163,
        5.735784542175464,
        5.735729935844839,
        5.735729498890653,
        5.7358467768455155,
        5.7359398129873,
        5.735928733680501,
        5.735949278897743,
        5.735971162691635,
        5.73597310767235,
        5.735994789870831,
        5.735986140822745,
        5.7359863856774655,
        5.735997393166778,
        5.736001872017525,
        5.735999008180962,
        5.736000457402967,
        5.736003619412227,
        5.736007801286061,
        5.7360086915837325,
        5.73600955008757,
        5.736006653050367,
        5.73601493632869,
        5.736011765667569,
        5.736009011280574,
        5.736007874721376,
        5.73601317887532,
        5.7360180393927465,
        5.736019716165748,
        5.736015882757952,
        5.736008224594222,
        5.736009961930256,
        5.736012032046433,
        5.736013024548616,
        5.736023016393774,
        5.736025829725973,
        5.736025459524769,
        5.736022994658609,
        5.736019348567136,
        5.736025445034659,
        5.736038343975688,
        5.736041478622556,
        5.736039615940038,
        5.736044297793003,
        5.7360475117134335,
        5.736052967169447,
        5.736057774368896,
        5.736055218763699,
        5.736054049003861,
        5.736049319671167,
        5.7360462930670595,
        5.736049493904187,
        5.736052157552145,
        5.736054210364599,
        5.736061897297527,
        5.736062977725135,
        5.736068977615372,
        5.736072354303347,
        5.736075298820278,
        5.736081530692954,
        5.736078360031833,
        5.736063618525623,
        5.73606411991156,
        5.736064150087565,
        5.7360649798222045
    ],