{
    "epoch": [
        1,
        2,
        3,
        4,
        5,
        6,
        7,
        8,
        9,
        10,
        11,
        12,
        13,
        14,
        15,
        16,
        17,
        18,
        19,
        20,
        21,
        22,
        23,
        24,
        25,
        26,
        27,
        28,
        29,
        30,
        31,
        32,
        33,
        34,
        35,
        36,
        37,
        38,
        39,
        40,
        41,
        42,
        43,
        44,
        45,
        46,
        47,
        48,
        49,
        50,
        51,
        52,
        53,
        54,
        55,
        56,
        57,
        58,
        59,
        60,
        61,
        62,
        63,
        64,
        65,
        66,
        67,
        68,
        69,
        70,
        71,
        72,
        73,
        74,
        75,
        76,
        77,
        78,
        79,
        80,
        81,
        82,
        83,
        84,
        85,
        86,
        87,
        88,
        89,
        90,
        91,
        92,
        93,
        94,
        95,
        96,
        97,
        98,
        99,
        100
    ],
    "train_loss": [
        1.3120589113120116,
        1.3071500911641785,
        1.308682631034537,
        1.3142073557787615,
        1.3097939771081808,
        1.3143237316418226,
        1.309674902264681,
        1.3090510772577966,
        1.3097353870504347,
        1.3115470729097505,
        1.3108080882684445,
        1.3096340031236844,
        1.3151782281620836,
        1.3102676708037304,
        1.3091334782673407,
        1.3106956146161792,
        1.3079309528595386,
        1.3097170956995443,
        1.3113380205204848,
        1.3133927593307557,
        1.3114424437176322,
        1.3125526084444517,
        1.3096664535526197,
        1.3130836627510971,
        1.3100033313968091,
        1.3100042100065583,
        1.3079980812234253,
        1.3080027583941674,
        1.3126990736358266,
        1.3109909671976587,
        1.3099919670181994,
        1.3116350618899333,
        1.3106264038216675,
        1.3096582300136608,
        1.309632152334404,
        1.3096812486744691,
        1.3144467966971698,
        1.3101103334793276,
        1.3108443778119159,
        1.3106437242564624,
        1.3125283326650021,
        1.3087271075047942,
        1.3103952355102202,
        1.3114922630725785,
        1.307202716493351,
        1.313195939575168,
        1.3105593631017745,
        1.311966575316093,
        1.3134461196705833,
        1.3080691757183471,
        1.3095688962639769,
        1.312272288091899,
        1.313194590143314,
        1.3107982410153283,
        1.3102845211374026,
        1.3120462910919295,
        1.307951276021223,
        1.3088193161202895,
        1.3096854005031038,
        1.3074973781059005,
        1.307201064015429,
        1.3124910120343045,
        1.3147142000595522,
        1.308906004695421,
        1.3107889839584024,
        1.3116282838314168,
        1.3090264378972238,
        1.3120133534299565,
        1.30948649959406,
        1.3125129853736337,
        1.3113997347185562,
        1.3116989873684837,
        1.3110850068681161,
        1.313569254400296,
        1.3100093742249426,
        1.3132331709139125,
        1.3134863088636464,
        1.312328716459022,
        1.312733126774299,
        1.3094966974780826,
        1.3108701017909414,
        1.3088094526828349,
        1.3112658233207517,
        1.3113219323888035,
        1.3093062121090433,
        1.3104560488922847,
        1.311000931970906,
        1.3102023132756093,
        1.3104197591977504,
        1.3091933527998603,
        1.3089186556224868,
        1.3105814719033966,
        1.3107088931687216,
        1.310927746633898,
        1.3092373897455152,
        1.312431889328496,
        1.3097639740162281,
        1.3113148023466807,
        1.306233930035702,
        1.3115677064921227
    ],
    "val_loss": [
        4.104143912722204,
        4.104145077226075,
        4.104144811218473,
        4.104145297938266,
        4.104145398411726,
        4.104145087108711,
        4.104144986635251,
        4.104144630036823,
        4.104145006400522,
        4.104145327586172,
        4.104145960074838,
        4.1041469038665195,
        4.104148068370391,
        4.104148224021898,
        4.104149232874263,
        4.104148976749295,
        4.104148645681009,
        4.104149599355325,
        4.1041492880523105,
        4.104150352082722,
        4.104151617060054,
        4.104150562912277,
        4.104151782594196,
        4.104153203223036,
        4.10415299239348,
        4.104152791446561,
        4.104153433817862,
        4.104154397374813,
        4.104154562908956,
        4.104155240693035,
        4.104156084011255,
        4.104156781560604,
        4.104157524405366,
        4.104157670174238,
        4.1041595775228705,
        4.104159477049411,
        4.104160210011536,
        4.104160907560885,
        4.10416263949274,
        4.1041625390192795,
        4.104162529136644,
        4.104163794113976,
        4.104165591106514,
        4.104165610871784,
        4.104165977352848,
        4.104164913322435,
        4.1041624739585965,
        4.1041619065306145,
        4.104163372454866,
        4.104163171507945,
        4.104164014826167,
        4.104164381307229,
        4.1041642808337695,
        4.104164913322435,
        4.104164215773086,
        4.104165114269356,
        4.104165159564768,
        4.104164261068499,
        4.104162674905517,
        4.104161490636375,
        4.1041621783030875,
        4.1041620028863095,
        4.1041614807537385,
        4.104160948738533,
        4.104160994033945,
        4.104160452136104,
        4.104160452136104,
        4.10416016636323,
        4.104160854029944,
        4.10416058802234,
        4.104160753556484,
        4.104159965416311,
        4.104160422488198,
        4.104161797821624,
        4.104161752526212,
        4.104162962325496,
        4.104163584931527,
        4.104164282480876,
        4.104165933704541,
        4.10416725385992,
        4.104166997734953,
        4.104167730697078,
        4.104168885318314,
        4.104167821287903,
        4.10416765575376,
        4.104168252829649,
        4.1041682075342365,
        4.1041687848448545,
        4.104169793697219,
        4.1041700695874574,
        4.104170877492901,
        4.1041700144094095,
        4.104170105000234,
        4.104170792666947,
        4.1041699493487265,
        4.1041717562238995,
        4.104172966023183,
        4.1041729759058185,
        4.104174039936231,
        4.10417495819777
    ],