{
    "epoch": [
        1,
        2,
        3,
        4,
        5,
        6,
        7,
        8,
        9,
        10,
        11,
        12,
        13,
        14,
        15,
        16,
        17,
        18,
        19,
        20,
        21,
        22,
        23,
        24,
        25,
        26,
        27,
        28,
        29,
        30,
        31,
        32,
        33,
        34,
        35,
        36,
        37,
        38,
        39,
        40,
        41,
        42,
        43,
        44,
        45,
        46,
        47,
        48,
        49,
        50,
        51,
        52,
        53,
        54,
        55,
        56,
        57,
        58,
        59,
        60,
        61,
        62,
        63,
        64,
        65,
        66,
        67,
        68,
        69,
        70,
        71,
        72,
        73,
        74,
        75,
        76,
        77,
        78,
        79,
        80,
        81,
        82,
        83,
        84,
        85,
        86,
        87,
        88,
        89,
        90,
        91,
        92,
        93,
        94,
        95,
        96,
        97,
        98,
        99,
        100
    ],
    "train_loss": [
        5.218062905701101,
        2.3490381847610706,
        1.1853519020786032,
        0.988425267644765,
        0.9682405740747407,
        0.9574458744444737,
        0.9506094209439425,
        0.9466032861598057,
        0.9442082089666408,
        0.9412895709245861,
        0.9398119067622585,
        0.9365280932288488,
        0.9346894410694498,
        0.9336591896974666,
        0.9313012690056558,
        0.9308994579147988,
        0.9295391204696667,
        0.9285062554801917,
        0.9265733072895525,
        0.9251594655236809,
        0.9224568122032742,
        0.9212086725971195,
        0.9197219486433973,
        0.919111101036225,
        0.9176364334213991,
        0.916855040536101,
        0.9156457871593052,
        0.9135452291367079,
        0.9134030771355273,
        0.9119347032817318,
        0.9105927882428057,
        0.9100573745103946,
        0.9081731821438694,
        0.9072915738678776,
        0.9060104705402584,
        0.9055112896765428,
        0.9038783952319073,
        0.9034697721344545,
        0.902859823430856,
        0.9016106080892952,
        0.9001275794212937,
        0.8998256383229672,
        0.8988101810044987,
        0.8984577852316995,
        0.8978049162690583,
        0.8969806276785142,
        0.8960680158722658,
        0.8948175693081456,
        0.8944607787091273,
        0.89398250054914,
        0.8936116882625067,
        0.8929268972742357,
        0.8922859476966672,
        0.8920457140850058,
        0.8915161179843605,
        0.890634208172644,
        0.8905437765193193,
        0.8899082281635083,
        0.8887884928999195,
        0.8887228575878426,
        0.8878071236065671,
        0.8878594750719445,
        0.8869086548546135,
        0.8869104425355113,
        0.8861228405262952,
        0.8863083379069897,
        0.8855200901302247,
        0.8851917321400706,
        0.8849189847036935,
        0.8845887712096887,
        0.8842001290507965,
        0.8838328744151341,
        0.8829232278607466,
        0.8829069072986374,
        0.8828693368682736,
        0.8818981287342137,
        0.8812314486856874,
        0.8802892160946907,
        0.8798725000402396,
        0.879903254729026,
        0.8795447919638687,
        0.8794446452456003,
        0.8793088971604428,
        0.8785340019769629,
        0.8785956794219701,
        0.8783211109932428,
        0.8785281166570811,
        0.878556539712752,
        0.877941920387571,
        0.8779074516977043,
        0.8779649437518833,
        0.8779190253947146,
        0.877823619399725,
        0.8776228185585081,
        0.8774017371981409,
        0.8771934993881106,
        0.8771679039630345,
        0.876864136188983,
        0.8765051729497617,
        0.8763928896916181
    ],
    "val_loss": [
        5.5315769980935485,
        5.398570302385011,
        5.354980201203359,
        5.334240781775427,
        5.308505899765912,
        5.296852558446686,
        5.286423212802248,
        5.278982233677515,
        5.271472536061145,
        5.26481046504025,
        5.260639894062577,
        5.25493657858663,
        5.2503110963294946,
        5.2426947123324705,
        5.232677323785842,
        5.227358507354874,
        5.21507766775416,
        5.206715344303873,
        5.196987864118896,
        5.19117313920103,
        5.186323105479797,
        5.182105508864735,
        5.1758376548732565,
        5.170882988839128,
        5.16426703293399,
        5.158485000489524,
        5.153847970574151,
        5.150164638709159,
        5.143798985632297,
        5.139348077558284,
        5.135779605192297,
        5.132782621081598,
        5.125963582172653,
        5.121522430920493,
        5.120538374956916,
        5.1163465469671054,
        5.112864073585062,
        5.108542511366072,
        5.106025693643147,
        5.102390276360835,
        5.094529441039486,
        5.090602190785818,
        5.088294764989102,
        5.088070153111246,
        5.086490648364589,
        5.08461394461032,
        5.0806291416219995,
        5.079678516042718,
        5.075992998494282,
        5.0742793730481175,
        5.069011996774113,
        5.068086503317993,
        5.063665131098545,
        5.0616054772251875,
        5.060876926145942,
        5.0600202051223135,
        5.058007520787856,
        5.053813131686249,
        5.0517146145056815,
        5.0507175372197075,
        5.05034990440127,
        5.0484642399921675,
        5.047163290136001,
        5.046455672423764,
        5.046497092527502,
        5.041484101325678,
        5.040391831376434,
        5.038393928993881,
        5.033988857700814,
        5.029258261978357,
        5.029021897467014,
        5.027945594010849,
        5.028784674217259,
        5.029197140516739,
        5.028726791364575,
        5.02506911808549,
        5.0255193170918595,
        5.024398359238292,
        5.022979977983155,
        5.021935810330766,
        5.021659557635967,
        5.020660497484164,
        5.020503193005178,
        5.019696520464453,
        5.018906899706811,
        5.0186663083900696,
        5.01733962011553,
        5.017266549675713,
        5.016097603879903,
        5.015691852138053,
        5.014536784245418,
        5.01426186281092,
        5.014193243570457,
        5.01332915638367,
        5.013267003572905,
        5.013488225807432,
        5.012874540700093,
        5.012544823987452,
        5.012515074527101,
        5.012518638938801
    ],