{
    "epoch": [
        1,
        2,
        3,
        4,
        5,
        6,
        7,
        8,
        9,
        10,
        11,
        12,
        13,
        14,
        15,
        16,
        17,
        18,
        19,
        20,
        21,
        22,
        23,
        24,
        25,
        26,
        27,
        28,
        29,
        30,
        31,
        32,
        33,
        34,
        35,
        36,
        37,
        38,
        39,
        40,
        41,
        42,
        43,
        44,
        45,
        46,
        47,
        48,
        49,
        50,
        51,
        52,
        53,
        54,
        55,
        56,
        57,
        58,
        59,
        60,
        61,
        62,
        63,
        64,
        65,
        66,
        67,
        68,
        69,
        70,
        71,
        72,
        73,
        74,
        75,
        76,
        77,
        78,
        79,
        80,
        81,
        82,
        83,
        84,
        85,
        86,
        87,
        88,
        89,
        90,
        91,
        92,
        93,
        94,
        95,
        96,
        97,
        98,
        99,
        100
    ],
    "train_loss": [
        5.436114684554627,
        4.858491565614599,
        4.544387527807119,
        4.32842692831579,
        4.129436740264703,
        4.017977054808666,
        3.9371607282315155,
        3.8306633987627396,
        3.7735530155409704,
        3.735569351871768,
        3.688675520956995,
        3.6571201042492,
        3.647415149860449,
        3.6234342636612795,
        3.6131021760731934,
        3.6052666323417695,
        3.591931044630653,
        3.5895662669641455,
        3.5784442638355793,
        3.5704403576194506,
        3.5828012742145123,
        3.582303993465431,
        3.5691828980945837,
        3.5768772375393527,
        3.5619804390198695,
        3.563288020462003,
        3.571885655900092,
        3.5605868686986257,
        3.5619564587384134,
        3.570248519358976,
        3.565726487240955,
        3.5687467096995587,
        3.565136766288092,
        3.5663530275625095,
        3.5599935827664075,
        3.5701796572991267,
        3.555896939067411,
        3.558127552038296,
        3.5701642381081067,
        3.5665639594269747,
        3.575957299681112,
        3.569056132249387,
        3.555511583584545,
        3.569891486956973,
        3.562096281216676,
        3.56378548353752,
        3.564939995155037,
        3.5682964904749777,
        3.5630211761911696,
        3.560528925325169,
        3.558256505045628,
        3.5526514885557976,
        3.5612809251382496,
        3.5659629230436702,
        3.5655366817543834,
        3.559223885126829,
        3.5659670868066624,
        3.561226982779665,
        3.5595255866739466,
        3.570234618620047,
        3.5641651016030833,
        3.5673319484135533,
        3.5696056504255504,
        3.566580060595989,
        3.561150762563161,
        3.572022654597353,
        3.5666717950095825,
        3.5581431545265767,
        3.5650116270071996,
        3.559312388713834,
        3.5632879286111176,
        3.5605304960939708,
        3.5618370482991986,
        3.564141175660892,
        3.562846040580084,
        3.5655503157320205,
        3.5586363034420403,
        3.558919764363298,
        3.565353444469095,
        3.5676811309087846,
        3.566479650076098,
        3.5598798533287432,
        3.5690228671270345,
        3.569821917839469,
        3.560284445477535,
        3.561146951479524,
        3.5567492872136115,
        3.5656594142777904,
        3.5611014648228663,
        3.5612016843867615,
        3.5496479930711566,
        3.5695525921924176,
        3.556210847910059,
        3.565627979674014,
        3.5603878046643502,
        3.5669317063453603,
        3.573782515463793,
        3.549591029988817,
        3.562751476641438,
        3.562873372286238
    ],
    "val_loss": [
        5.47347388763773,
        5.566719305461349,
        5.7927483476664685,
        5.979831100049601,
        6.122213208297799,
        6.18962130179772,
        6.288953988260813,
        6.345167414635015,
        6.395133795241964,
        6.445955209602598,
        6.480746586398301,
        6.512329552508048,
        6.525211830484381,
        6.542879357057459,
        6.555043242096361,
        6.572934411769539,
        6.579008434692659,
        6.586433773127077,
        6.592915901770959,
        6.5969094302319835,
        6.599556305829217,
        6.604612294365378,
        6.605550248159003,
        6.606546246627877,
        6.607459148130805,
        6.608149843518011,
        6.608618246484126,
        6.609501098615551,
        6.609912136561191,
        6.609799005327182,
        6.610255711758299,
        6.610406964073354,
        6.610606178439041,
        6.610831726730139,
        6.610848713784196,
        6.610975002271557,
        6.611150467557605,
        6.611193939571467,
        6.611222823820502,
        6.6112421799569105,
        6.611279489767497,
        6.611312861895669,
        6.611331462860107,
        6.61133988410639,
        6.611353941093203,
        6.611364144545335,
        6.611367432779856,
        6.611373946677506,
        6.611383697026455,
        6.61138458812938,
        6.61138909326959,
        6.611391503346991,
        6.611394150764155,
        6.611397652604461,
        6.611403236561771,
        6.611407327436214,
        6.611412723679348,
        6.611415597648103,
        6.611417994779699,
        6.611422085654143,
        6.611424607928522,
        6.611426603740157,
        6.611429753886089,
        6.611429477708912,
        6.611430230723247,
        6.611433393814984,
        6.61143522564642,
        6.61143919137808,
        6.611439944392416,
        6.6114442359268395,
        6.611448879155638,
        6.611450523272898,
        6.611453522384436,
        6.611456672530369,
        6.611457964953254,
        6.611459207750554,
        6.6114621442907,
        6.611465971933771,
        6.6114686948681305,
        6.611474567948424,
        6.611478533680083,
        6.611480441028716,
        6.611484669991748,
        6.611484946168925,
        6.611488635723408,
        6.611494998586664,
        6.611496366526746,
        6.61149793512681,
        6.611498086161204,
        6.611500081972839,
        6.611499467047092,
        6.61150357086734,
        6.611505691821758,
        6.611509042627671,
        6.611511439759267,
        6.611514853136572,
        6.611516020416674,
        6.611519433793979,
        6.6115214792312,
        6.611523399525638
    ],