{
    "epoch": [
        1,
        2,
        3,
        4,
        5,
        6,
        7,
        8,
        9,
        10,
        11,
        12,
        13,
        14,
        15,
        16,
        17,
        18,
        19,
        20,
        21,
        22,
        23,
        24,
        25,
        26,
        27,
        28,
        29,
        30,
        31,
        32,
        33,
        34,
        35,
        36,
        37,
        38,
        39,
        40,
        41,
        42,
        43,
        44,
        45,
        46,
        47,
        48,
        49,
        50,
        51,
        52,
        53,
        54,
        55,
        56,
        57,
        58,
        59,
        60,
        61,
        62,
        63,
        64,
        65,
        66,
        67,
        68,
        69,
        70,
        71,
        72,
        73,
        74,
        75,
        76,
        77,
        78,
        79,
        80,
        81,
        82,
        83,
        84,
        85,
        86,
        87,
        88,
        89,
        90,
        91,
        92,
        93,
        94,
        95,
        96,
        97,
        98,
        99,
        100
    ],
    "train_loss": [
        4.577785280125598,
        3.3824985907049085,
        2.580085727573986,
        2.035223209228283,
        1.7094663375877344,
        1.5206024947511692,
        1.4026064897598425,
        1.3292066762884205,
        1.29391246673925,
        1.2698126375644303,
        1.243161763211603,
        1.2365542055309302,
        1.221171803384063,
        1.216855954481197,
        1.2111768317548068,
        1.2072978326990187,
        1.2032093105691897,
        1.2004803132848816,
        1.1989624199453337,
        1.1949847130022608,
        1.1948145563155712,
        1.1930236046053724,
        1.1934356006923121,
        1.1902231775555947,
        1.1899513080986501,
        1.1887889773977098,
        1.1905087296516828,
        1.1896530961490475,
        1.189008743207745,
        1.1881103247282219,
        1.1884871210743497,
        1.1879804082801488,
        1.1899475998458524,
        1.185548579532851,
        1.1899172405611294,
        1.188772285844961,
        1.1868128419629673,
        1.1872866321190951,
        1.1880809888883117,
        1.1877085754422436,
        1.1882721159797502,
        1.18999628375652,
        1.1871464456956264,
        1.1888864179558691,
        1.1915394794583203,
        1.1882601798758323,
        1.1892153958311333,
        1.1836261832626875,
        1.188240570369991,
        1.188943996344848,
        1.1837558157329604,
        1.1887194440150741,
        1.1897772366286052,
        1.1878633795640936,
        1.1886919152797775,
        1.187293326069865,
        1.1851242735572527,
        1.1889885564284641,
        1.188290981617153,
        1.1903184246587064,
        1.1870942448259574,
        1.1883499753357771,
        1.1886175774146415,
        1.1865615534292142,
        1.185560558703451,
        1.1872904385147636,
        1.190997592329354,
        1.1878240912145035,
        1.1872607509727735,
        1.1880431254471333,
        1.1903976076628837,
        1.1875873940529742,
        1.190049691804783,
        1.1874204830299098,
        1.188439366448194,
        1.1918380506150865,
        1.1876985903029604,
        1.1850414624117218,
        1.1875567103261724,
        1.1877236507172533,
        1.1881411828023003,
        1.1884635670806782,
        1.1869533488665451,
        1.1870443696807067,
        1.1879443270868575,
        1.188008649950306,
        1.1877428370132939,
        1.1834342914286533,
        1.1888394688043813,
        1.19069613757259,
        1.1859253084018933,
        1.1892427088210304,
        1.1901012115726808,
        1.1882896569939598,
        1.1893064555371455,
        1.1879458829668712,
        1.1867739695652888,
        1.1876113547150506,
        1.1876041540784514,
        1.1882639326922089
    ],
    "val_loss": [
        4.3045419460751235,
        3.9878318560967587,
        3.806599044635094,
        3.77414524822861,
        3.7800532153233344,
        3.813938943009714,
        3.8488678561591114,
        3.865640387428033,
        3.882157557163008,
        3.8983131550342516,
        3.9068668386890892,
        3.9163212232639135,
        3.923464962855522,
        3.9250332605035814,
        3.9298724543451233,
        3.932645385953017,
        3.9340696491313927,
        3.9351964268659683,
        3.937640450367244,
        3.93847919210457,
        3.9396909012078005,
        3.9403286894368383,
        3.940557553154611,
        3.9411556881326466,
        3.9413799572485098,
        3.941636748470379,
        3.941866215852464,
        3.942086163785997,
        3.9420726270461537,
        3.942203018537663,
        3.942334300289912,
        3.9423971077321105,
        3.942482857712398,
        3.942543179671793,
        3.9425634917817587,
        3.9425995765778272,
        3.9426332096567633,
        3.9426637519414767,
        3.9426869637813797,
        3.9426994735506944,
        3.9427143189161757,
        3.9427240286054595,
        3.9427342447798077,
        3.942736581199527,
        3.9427366479073163,
        3.942741040738753,
        3.942741552988688,
        3.942743620930146,
        3.942744504602462,
        3.942744810964159,
        3.9427472000912682,
        3.942748344829869,
        3.9427488768450747,
        3.942748977318535,
        3.94274893696444,
        3.94274873601752,
        3.9427492128546784,
        3.942749006966441,
        3.942749222737314,
        3.9427493330934094,
        3.942749117322536,
        3.9427483744777754,
        3.9427484798925527,
        3.9427488966103454,
        3.942748726134885,
        3.9427487615476617,
        3.9427487615476617,
        3.9427491280287246,
        3.9427490629680415,
        3.9427490629680415,
        3.9427486314262956,
        3.942748992966041,
        3.942748530952836,
        3.9427490983808187,
        3.942749038261453,
        3.9427489229640402,
        3.9427491337935954,
        3.9427498716970386,
        3.9427501780587364,
        3.942750117939371,
        3.942750268649561,
        3.9427501582934656,
        3.9427504243010683,
        3.942750414418433,
        3.9427503542990676,
        3.9427500232307815,
        3.9427500232307815,
        3.9427502390016547,
        3.9427508261949082,
        3.9427507759581784,
        3.9427513483274788,
        3.9427516143350814,
        3.9427519256380967,
        3.942751443859621,
        3.942751639865223,
        3.942751263501525,
        3.9427517452800007,
        3.9427514545658093,
        3.9427516653953645,
        3.9427519314029675
    ],