{
    "epoch": [
        1,
        2,
        3,
        4,
        5,
        6,
        7,
        8,
        9,
        10,
        11,
        12,
        13,
        14,
        15,
        16,
        17,
        18,
        19,
        20,
        21,
        22,
        23,
        24,
        25,
        26,
        27,
        28,
        29,
        30,
        31,
        32,
        33,
        34,
        35,
        36,
        37,
        38,
        39,
        40,
        41,
        42,
        43,
        44,
        45,
        46,
        47,
        48,
        49,
        50,
        51,
        52,
        53,
        54,
        55,
        56,
        57,
        58,
        59,
        60,
        61,
        62,
        63,
        64,
        65,
        66,
        67,
        68,
        69,
        70,
        71,
        72,
        73,
        74,
        75,
        76,
        77,
        78,
        79,
        80,
        81,
        82,
        83,
        84,
        85,
        86,
        87,
        88,
        89,
        90,
        91,
        92,
        93,
        94,
        95,
        96,
        97,
        98,
        99,
        100
    ],
    "train_loss": [
        3.4200579880886037,
        1.2080714092469298,
        1.0733390637968288,
        1.016203383800199,
        0.9884395761911099,
        0.9743288982414765,
        0.963746472938664,
        0.9559745811159397,
        0.9519101882220906,
        0.9475996621714069,
        0.9443795964966235,
        0.9431926579297958,
        0.9421948942915911,
        0.9409667481705689,
        0.9399830738002258,
        0.9394895079623735,
        0.9378143296887899,
        0.9369571700906231,
        0.9369549459225046,
        0.9363320439046035,
        0.937003044895478,
        0.9358176699308718,
        0.9360196089437139,
        0.9359608292040303,
        0.9354988678576868,
        0.9364116164694382,
        0.9354442289047902,
        0.9360606988325012,
        0.9350825698110613,
        0.9354535009968592,
        0.9356919783041658,
        0.9352972311289139,
        0.9355310766813699,
        0.9356573963985092,
        0.93530546613657,
        0.9347141981327133,
        0.9346712203724812,
        0.9351437535238487,
        0.935403505367818,
        0.9346534385493459,
        0.9351584494498207,
        0.9355120891535555,
        0.9350507580752611,
        0.9343545353327681,
        0.935825993000497,
        0.9349898197925707,
        0.9348681854818784,
        0.9347762267131933,
        0.9358155493579317,
        0.9349431677002698,
        0.9345411994367983,
        0.935455813739327,
        0.9354753786993572,
        0.9353988207569086,
        0.9344012140755793,
        0.9360912838560358,
        0.9350100277155425,
        0.9347261775539089,
        0.9352070800104693,
        0.9352353301715451,
        0.9340457442510373,
        0.9356953983406124,
        0.9352546489935846,
        0.9346895287741014,
        0.9352459535853866,
        0.9355588058529498,
        0.9351537744460393,
        0.9355463178539934,
        0.9350694085782826,
        0.9350679352291298,
        0.9354528618430595,
        0.935083893895783,
        0.934260563880876,
        0.9348960615784695,
        0.9349944890523008,
        0.9347121124420753,
        0.9353785786527865,
        0.9353081521412431,
        0.934248369684749,
        0.9350255280918509,
        0.9350615114651173,
        0.9352791845602979,
        0.9355364573202769,
        0.9354426211300054,
        0.9350816467514594,
        0.9352824703598842,
        0.9347002458658683,
        0.9350383420252663,
        0.9351026313416276,
        0.9347122198396538,
        0.9347830901330931,
        0.9348579207274078,
        0.9355484397753023,
        0.9351483201794516,
        0.9358509518471579,
        0.9351795831089065,
        0.9351902021607748,
        0.9350735517179732,
        0.9352955744420494,
        0.9348108458136045
    ],
    "val_loss": [
        4.388941661265101,
        4.453970850862529,
        4.341334748591772,
        4.293955556947181,
        4.322786339807295,
        4.338117155014659,
        4.360866156099069,
        4.37121135616734,
        4.385235754073475,
        4.397285444164708,
        4.4013950662914985,
        4.4067950766550466,
        4.408866934107439,
        4.410163163059977,
        4.412548110495865,
        4.4135540750771085,
        4.414401639101192,
        4.416109911456906,
        4.417522900784178,
        4.418476068056547,
        4.419557815223797,
        4.420721574066991,
        4.421058018283067,
        4.42157014786388,
        4.42210539865278,
        4.422254538643953,
        4.4224650546975806,
        4.422699885131007,
        4.42278045334967,
        4.422909460456123,
        4.422949611870951,
        4.423013205981363,
        4.423095444208896,
        4.423164708581985,
        4.423212506652418,
        4.423236191003031,
        4.42325968763947,
        4.423279212071345,
        4.423289188971887,
        4.423299959881812,
        4.423307675581712,
        4.4233132919035345,
        4.423324541808253,
        4.423329310179835,
        4.4233349804425135,
        4.423340663650996,
        4.42334243291104,
        4.4233446293826555,
        4.423346297233892,
        4.423347563765168,
        4.423348642582267,
        4.423349859487956,
        4.423350135665134,
        4.423350474413703,
        4.423350862787859,
        4.423351415142215,
        4.423351904925178,
        4.423352934116691,
        4.423353549042439,
        4.423354226539577,
        4.423354904036716,
        4.42335559447966,
        4.423356209405407,
        4.423357024991135,
        4.423358192271237,
        4.423358869768376,
        4.423359836388498,
        4.423360589402833,
        4.423360790062814,
        4.423361881825719,
        4.423362158002896,
        4.423362986534429,
        4.423363953154551,
        4.423364278957315,
        4.423365508808809,
        4.423366412857539,
        4.423366965211894,
        4.423367642709033,
        4.42336845829476,
        4.423369675200449,
        4.4233706914461575,
        4.423371783209062,
        4.423372385189005,
        4.423373151149145,
        4.423374318429248,
        4.423375272103565,
        4.423376314240882,
        4.423377142772416,
        4.423378020929535,
        4.423378849461068,
        4.4233796024754035,
        4.423380605775306,
        4.423381082612464,
        4.423382010395171,
        4.423382977015293,
        4.423383855172412,
        4.423384795900923,
        4.42338595023522,
        4.423386890963731,
        4.423387643978067
    ],