{
    "epoch": [
        1,
        2,
        3,
        4,
        5,
        6,
        7,
        8,
        9,
        10,
        11,
        12,
        13,
        14,
        15,
        16,
        17,
        18,
        19,
        20,
        21,
        22,
        23,
        24,
        25,
        26,
        27,
        28,
        29,
        30,
        31,
        32,
        33,
        34,
        35,
        36,
        37,
        38,
        39,
        40,
        41,
        42,
        43,
        44,
        45,
        46,
        47,
        48,
        49,
        50,
        51,
        52,
        53,
        54,
        55,
        56,
        57,
        58,
        59,
        60,
        61,
        62,
        63,
        64,
        65,
        66,
        67,
        68,
        69,
        70,
        71,
        72,
        73,
        74,
        75,
        76,
        77,
        78,
        79,
        80,
        81,
        82,
        83,
        84,
        85,
        86,
        87,
        88,
        89,
        90,
        91,
        92,
        93,
        94,
        95,
        96,
        97,
        98,
        99,
        100
    ],
    "train_loss": [
        1.7428145698190636,
        1.013089821399216,
        0.9654307688898249,
        0.9449944133328977,
        0.9314618033683284,
        0.9218193514817706,
        0.915275673960755,
        0.9087263748026562,
        0.9043082448786754,
        0.8999748049700537,
        0.8961745978060918,
        0.8932282910060789,
        0.8913473183023415,
        0.8895213550243034,
        0.8882209673008057,
        0.8868625215393395,
        0.8855631182555072,
        0.8842141622806514,
        0.8835672632930095,
        0.8828353902126442,
        0.8818243153049514,
        0.8818824150706346,
        0.8808222421508843,
        0.8808631492570196,
        0.8808530805009445,
        0.8803552061853221,
        0.8800357247194066,
        0.8801732432573774,
        0.8803142570630793,
        0.879787352514819,
        0.8796898454134177,
        0.8796429414297604,
        0.8794412932344574,
        0.8796807236333891,
        0.880018165224015,
        0.8799655917437764,
        0.8799749857942243,
        0.879782629496463,
        0.8792507005901039,
        0.8797363884629869,
        0.8798003957661731,
        0.8798731982992937,
        0.8797898104708423,
        0.8796555344173075,
        0.8796616966401258,
        0.879791017261479,
        0.8798836188844791,
        0.8794786952400351,
        0.8795981139372065,
        0.8795600627419119,
        0.8794653609280871,
        0.8797438542872116,
        0.8797843067693131,
        0.879720423979787,
        0.8795365106330943,
        0.8793615341378785,
        0.8793102848276442,
        0.8797178798251681,
        0.8792583418362124,
        0.8796009933795393,
        0.8798293816103281,
        0.8793493745019514,
        0.8794673381399143,
        0.8795810982582378,
        0.879704935835924,
        0.8794995098919866,
        0.8800655848371166,
        0.8793001780654969,
        0.8797653707193962,
        0.8795666021621211,
        0.8796883501645902,
        0.8799086205181071,
        0.8794578384724117,
        0.8796086198455088,
        0.8800843410396911,
        0.8798644145226796,
        0.8797885075560858,
        0.8800052613385584,
        0.8796229433693388,
        0.8799994372667842,
        0.8793979463273222,
        0.8796097810357255,
        0.8796587284414266,
        0.8796021909141354,
        0.8797772095078567,
        0.8797186750721858,
        0.8794398561036777,
        0.8796850008408627,
        0.8800595222883981,
        0.8795858611400539,
        0.8794476529000219,
        0.8792985207981918,
        0.8797594026228049,
        0.8796261787057493,
        0.8796004556983333,
        0.8796861241554708,
        0.8798902067341059,
        0.8795585592635854,
        0.8795904385474316,
        0.8794685551376018
    ],
    "val_loss": [
        2.6709556089575837,
        2.65890544807355,
        2.6316899792106248,
        2.626715243377422,
        2.634603108766783,
        2.6311329625842896,
        2.5872184299640293,
        2.6407242373069537,
        2.5952855157110974,
        2.619285851562579,
        2.600102266087639,
        2.6180083718736347,
        2.5858947032473867,
        2.6030302311266436,
        2.6272544350237013,
        2.627864170980371,
        2.619932162329323,
        2.6166721889186193,
        2.6074305486596723,
        2.6257610790470105,
        2.599684157725649,
        2.618051037681329,
        2.625231736270463,
        2.6283492144319474,
        2.6141825414074518,
        2.611010510274989,
        2.6216306739932307,
        2.6210944479611253,
        2.616805094717286,
        2.605538199396743,
        2.629616298412,
        2.626518956943703,
        2.6251835781881434,
        2.621056237574892,
        2.625715314209564,
        2.6067219134645345,
        2.628738726976622,
        2.6174735154100857,
        2.624803379203783,
        2.60006634023729,
        2.6285966488569716,
        2.6230390071868896,
        2.6315476688490427,
        2.6101594539503976,
        2.6104411984148834,
        2.6264161927712397,
        2.618477451574823,
        2.6158203115117367,
        2.6201987505370883,
        2.620545010904368,
        2.606048271857807,
        2.6116055153400377,
        2.605730495716418,
        2.6243294022449764,
        2.6348656249169857,
        2.6333225930498876,
        2.609111131575853,
        2.6201778520574224,
        2.6147611392388486,
        2.621205392485044,
        2.6089735632321585,
        2.6271432117271094,
        2.5891517476920227,
        2.6145198258711266,
        2.610348636828144,
        2.631607660151928,
        2.609805777900577,
        2.6133950897243152,
        2.598861729336938,
        2.625751915373333,
        2.615049891727164,
        2.618743514355806,
        2.6007288091129177,
        2.62931003389375,
        2.6412046717444437,
        2.607392298742897,
        2.626821615947137,
        2.6120651686541567,
        2.626796856239464,
        2.627064829251515,
        2.6138968212410987,
        2.6162943798849208,
        2.623247679033428,
        2.6116362330415295,
        2.6289793539129596,
        2.630349833730589,
        2.6110769734687342,
        2.61752802679164,
        2.63411676121911,
        2.6252805120174956,
        2.625288847196905,
        2.6109161368717597,
        2.6089888039030558,
        2.6083867718724596,
        2.6285981868421064,
        2.6108152240463283,
        2.6228937468586397,
        2.625698492317002,
        2.6299423957323986,
        2.6257128958463256
    ],