{
    "epoch": [
        1,
        2,
        3,
        4,
        5,
        6,
        7,
        8,
        9,
        10,
        11,
        12,
        13,
        14,
        15,
        16,
        17,
        18,
        19,
        20,
        21,
        22,
        23,
        24,
        25,
        26,
        27,
        28,
        29,
        30,
        31,
        32,
        33,
        34,
        35,
        36,
        37,
        38,
        39,
        40,
        41,
        42,
        43,
        44,
        45,
        46,
        47,
        48,
        49,
        50,
        51,
        52,
        53,
        54,
        55,
        56,
        57,
        58,
        59,
        60,
        61,
        62,
        63,
        64,
        65,
        66,
        67,
        68,
        69,
        70,
        71,
        72,
        73,
        74,
        75,
        76,
        77,
        78,
        79,
        80,
        81,
        82,
        83,
        84,
        85,
        86,
        87,
        88,
        89,
        90,
        91,
        92,
        93,
        94,
        95,
        96,
        97,
        98,
        99,
        100
    ],
    "train_loss": [
        4.360055785459017,
        3.257744903093686,
        2.610611212074355,
        2.1371958039747763,
        1.8145283410972277,
        1.603261638337254,
        1.4638105136486703,
        1.3726861336684284,
        1.3315624557643653,
        1.3025328978285882,
        1.2754943905170046,
        1.2617040343372772,
        1.2483695930382959,
        1.2392691421959232,
        1.234494692292825,
        1.2273463440836798,
        1.222738019799755,
        1.2197057921781662,
        1.2161367998770818,
        1.218115587524538,
        1.211659944227067,
        1.2124458953028387,
        1.2068724823014527,
        1.2107989478170318,
        1.2073429226634977,
        1.210158316435802,
        1.2107872423656827,
        1.2111589503407747,
        1.2079057015414667,
        1.2065064351986194,
        1.208263107931193,
        1.2097424020635925,
        1.2081236333576781,
        1.2066072009893944,
        1.2075851858503348,
        1.2071280120931238,
        1.20491300766441,
        1.2078517915177927,
        1.20521031984858,
        1.208105725857816,
        1.2094968066197114,
        1.205362728173389,
        1.2050034159456597,
        1.2074382111509991,
        1.2031534491345586,
        1.2074610649128332,
        1.2044492165453595,
        1.2072937463287192,
        1.2051940336184022,
        1.2049855476535072,
        1.2090336624278664,
        1.209002225755114,
        1.2046382240103477,
        1.208896430885522,
        1.2069278775763315,
        1.2057185501733976,
        1.2052721798361588,
        1.2048339715621128,
        1.2049168419929963,
        1.2061248632024204,
        1.2068458033640754,
        1.2076289573440038,
        1.2049254596758656,
        1.2042542139538064,
        1.2082563616783002,
        1.2046755016498951,
        1.2053243105920062,
        1.208048527337296,
        1.2076875031402972,
        1.2054177636849182,
        1.204892310972045,
        1.2061110687766727,
        1.205361321433734,
        1.2055769647762842,
        1.2085869659593897,
        1.2068325508767632,
        1.2055829033709624,
        1.2059868466819077,
        1.205903122518601,
        1.205840453266047,
        1.2072972913785682,
        1.205351362730472,
        1.2069998563939295,
        1.2080111847887336,
        1.2048814722720012,
        1.20764591208966,
        1.208197586795,
        1.2068235639685083,
        1.2056651981489002,
        1.2065888585654845,
        1.209088408468396,
        1.2085272109932177,
        1.2081895806562666,
        1.2079456621144447,
        1.2067805643517275,
        1.2072327916615708,
        1.2057435465713202,
        1.206066352027015,
        1.2045573611789828,
        1.2044750149160355
    ],
    "val_loss": [
        3.943234178480501,
        3.685996520086891,
        3.5760914525837477,
        3.5524086766910057,
        3.5768436644361428,
        3.61233338090834,
        3.668405419186607,
        3.6847300636541864,
        3.706474928452355,
        3.72549150685984,
        3.732727465851937,
        3.7375637937292123,
        3.744993478317129,
        3.7500608753869775,
        3.7555697734285927,
        3.7578621009470887,
        3.7603123480380094,
        3.763442756804366,
        3.7660058965337093,
        3.7671576592176894,
        3.768184303619701,
        3.768800996539918,
        3.7696532758406405,
        3.770097824781876,
        3.7708859550726435,
        3.7710926495685477,
        3.771117816523155,
        3.7712188005859164,
        3.7713528511231837,
        3.7714733155074307,
        3.7716401483934368,
        3.771707401374461,
        3.7717662656451343,
        3.77178942230699,
        3.7718262730073024,
        3.771880574794631,
        3.771921723617791,
        3.7719330606477044,
        3.7719443186165345,
        3.771968582957108,
        3.771964605196358,
        3.771981644506899,
        3.7719928810633525,
        3.7719977095543,
        3.772006421097408,
        3.7720084980979482,
        3.7720114735947576,
        3.7720122864415195,
        3.7720145536827916,
        3.772016003959537,
        3.7720165812701554,
        3.7720174188235056,
        3.7720175892989665,
        3.772017805069839,
        3.77201822672895,
        3.7720182720243622,
        3.77201884933498,
        3.7720187587441556,
        3.772019125225219,
        3.7720193409960916,
        3.7720201390189003,
        3.7720201439602183,
        3.772019998191346,
        3.772020675975424,
        3.7720209872784394,
        3.772021087751899,
        3.7720217004752943,
        3.772021906363532,
        3.7720220718976747,
        3.7720224284961024,
        3.7720225339108797,
        3.772022694503705,
        3.7720234521724194,
        3.7720241447804503,
        3.7720241447804503,
        3.7720241398391328,
        3.7720244610247833,
        3.7720249378619415,
        3.7720253694036874,
        3.7720254245817353,
        3.7720255999985137,
        3.7720254995250535,
        3.7720256502352436,
        3.7720260669530363,
        3.7720264433167348,
        3.7720270758054006,
        3.7720267595610677,
        3.7720270305099883,
        3.7720271359247657,
        3.7720275073471465,
        3.7720283053699553,
        3.7720282048964955,
        3.772028405843415,
        3.772028727029066,
        3.772028892563209,
        3.7720293792830026,
        3.772029695527335,
        3.772030011771668,
        3.772030066949716,
        3.772030232483859
    ],