{
    "epoch": [
        1,
        2,
        3,
        4,
        5,
        6,
        7,
        8,
        9,
        10,
        11,
        12,
        13,
        14,
        15,
        16,
        17,
        18,
        19,
        20,
        21,
        22,
        23,
        24,
        25,
        26,
        27,
        28,
        29,
        30,
        31,
        32,
        33,
        34,
        35,
        36,
        37,
        38,
        39,
        40,
        41,
        42,
        43,
        44,
        45,
        46,
        47,
        48,
        49,
        50,
        51,
        52,
        53,
        54,
        55,
        56,
        57,
        58,
        59,
        60,
        61,
        62,
        63,
        64,
        65,
        66,
        67,
        68,
        69,
        70,
        71,
        72,
        73,
        74,
        75,
        76,
        77,
        78,
        79,
        80,
        81,
        82,
        83,
        84,
        85,
        86,
        87,
        88,
        89,
        90,
        91,
        92,
        93,
        94,
        95,
        96,
        97,
        98,
        99,
        100
    ],
    "train_loss": [
        2.8162654719520455,
        1.493281159329055,
        1.2549461808276536,
        1.202837197289395,
        1.1833522851263458,
        1.168015856958514,
        1.158433409719611,
        1.1528012044705338,
        1.1479182135280053,
        1.144095760086673,
        1.1418116679023858,
        1.139680400062446,
        1.1378182873654006,
        1.1366670993344867,
        1.1357023822123082,
        1.135176325802827,
        1.1344651977261107,
        1.1339885658475022,
        1.133382227408826,
        1.1332287768982163,
        1.1326168165254833,
        1.132580459225717,
        1.132555854044967,
        1.1322179585845027,
        1.1321172377332371,
        1.1323511510158903,
        1.131903487833301,
        1.1318154212577858,
        1.1317462175934758,
        1.131684063451374,
        1.1317989476601682,
        1.1319354452439887,
        1.131960633795465,
        1.1316874766709217,
        1.1315964794398552,
        1.1317807014024437,
        1.1317587003516192,
        1.1318536456026624,
        1.1319795706044489,
        1.1318716050871653,
        1.1318268199422252,
        1.1316517188441215,
        1.1318369349043573,
        1.1314533204409345,
        1.1317190680671576,
        1.1314076809907079,
        1.1313686845769835,
        1.1316380553269507,
        1.1316475662394385,
        1.1314386199107722,
        1.1318337730426884,
        1.1317879942314109,
        1.1319098071956155,
        1.1314293910270958,
        1.131519164487944,
        1.1318491608174004,
        1.131776852823382,
        1.131883856711076,
        1.1315052270649666,
        1.131839201654022,
        1.1316217601958232,
        1.1315272541381607,
        1.1318290095353247,
        1.1316651802206759,
        1.1315586124353074,
        1.1316970287974755,
        1.1316609493332292,
        1.1313172913556122,
        1.1317786623125698,
        1.1315408573677792,
        1.1314793382098327,
        1.1315576665485325,
        1.1316875321182174,
        1.1313850786458308,
        1.1315334266633843,
        1.132063136747734,
        1.1315929466515928,
        1.131703047129377,
        1.1316826415660992,
        1.1317619316781586,
        1.1316202586380082,
        1.1318615063470812,
        1.1318520768323734,
        1.1315589902149372,
        1.1318722493684472,
        1.1315858721134051,
        1.1312645775349295,
        1.1315296171658002,
        1.1318802695058698,
        1.1318032553926785,
        1.1318219754923529,
        1.1315811294766527,
        1.131684500248588,
        1.1315764287009311,
        1.1317848109480124,
        1.1315613917010514,
        1.131556047626476,
        1.13153939328601,
        1.1312421976022384,
        1.1318007876765188
    ],
    "val_loss": [
        5.353550855732541,
        5.261583928672204,
        5.317768026583489,
        5.361540356152246,
        5.344997884742207,
        5.373282449648855,
        5.387248062809619,
        5.391588226253083,
        5.398744462777563,
        5.393862499637156,
        5.414077628167053,
        5.420923601685943,
        5.425397926383463,
        5.4361920629671,
        5.4334899664874765,
        5.436909658575782,
        5.43937061543063,
        5.438025816402387,
        5.44575990711206,
        5.444588128154758,
        5.4455552489413925,
        5.44469544261162,
        5.447193978370546,
        5.445444408534357,
        5.447446980682477,
        5.447374656605217,
        5.446800074863616,
        5.447535826931627,
        5.446898594738231,
        5.446947764042012,
        5.447369523729999,
        5.448047698994867,
        5.447925021645242,
        5.44763510598952,
        5.447455687972363,
        5.447421990166831,
        5.447338084834113,
        5.4475491500249005,
        5.447590198044159,
        5.447586081164797,
        5.447720702515008,
        5.447750769985304,
        5.447820699607083,
        5.447831306859866,
        5.447844855675287,
        5.447864130757027,
        5.447899567586761,
        5.447896718240308,
        5.447884231352986,
        5.447899337433172,
        5.447892280046277,
        5.4478884510699235,
        5.447889671123104,
        5.447887330196621,
        5.447892657492536,
        5.447892331957448,
        5.4478899650753805,
        5.4478871531499875,
        5.447884493933471,
        5.447872789301059,
        5.447873732916706,
        5.447869852029181,
        5.44787136019639,
        5.447872469393197,
        5.447872640812602,
        5.447875988731378,
        5.447880183688517,
        5.447877886021343,
        5.447871514312073,
        5.447879606053653,
        5.447887403842956,
        5.447892238404797,
        5.447889031729422,
        5.447896973575739,
        5.447907316911571,
        5.447905240957145,
        5.447915374045703,
        5.44791937162785,
        5.447921620408489,
        5.447934059816083,
        5.447940128921214,
        5.4479381668477975,
        5.447936698915262,
        5.447939015503987,
        5.447942467034083,
        5.447934846502434,
        5.447943589314192,
        5.447944489670531,
        5.447943471001742,
        5.4479447357210375,
        5.447946134438679,
        5.447943757497942,
        5.447943035806064,
        5.447951986051481,
        5.447958640036531,
        5.447964439738164,
        5.447969795803279,
        5.4479678971065075,
        5.447975212431425,
        5.4479803294800675
    ],