{
    "epoch": [
        1,
        2,
        3,
        4,
        5,
        6,
        7,
        8,
        9,
        10,
        11,
        12,
        13,
        14,
        15,
        16,
        17,
        18,
        19,
        20,
        21,
        22,
        23,
        24,
        25,
        26,
        27,
        28,
        29,
        30,
        31,
        32,
        33,
        34,
        35,
        36,
        37,
        38,
        39,
        40,
        41,
        42,
        43,
        44,
        45,
        46,
        47,
        48,
        49,
        50,
        51,
        52,
        53,
        54,
        55,
        56,
        57,
        58,
        59,
        60,
        61,
        62,
        63,
        64,
        65,
        66,
        67,
        68,
        69,
        70,
        71,
        72,
        73,
        74,
        75,
        76,
        77,
        78,
        79,
        80,
        81,
        82,
        83,
        84,
        85,
        86,
        87,
        88,
        89,
        90,
        91,
        92,
        93,
        94,
        95,
        96,
        97,
        98,
        99,
        100
    ],
    "train_loss": [
        3.5535471438403103,
        1.3927842379095567,
        1.214567023138305,
        1.1881895335355597,
        1.1764164661043253,
        1.1666511430692432,
        1.1585556829395007,
        1.1535697335094663,
        1.1495727531394766,
        1.14633178933781,
        1.144355751976895,
        1.142460717531904,
        1.140350082771263,
        1.1397076690616321,
        1.1392210188822531,
        1.1380354512995812,
        1.1373016775313334,
        1.1366447412548353,
        1.136684260440232,
        1.1362813279377155,
        1.1359202522967928,
        1.1353921992335487,
        1.135248666839983,
        1.1352404212951661,
        1.1356191051665263,
        1.1350940073435032,
        1.1351326707859135,
        1.13514480485389,
        1.135191690598301,
        1.1348558082293025,
        1.1349822359708086,
        1.1346878897844248,
        1.1350204098524161,
        1.1349239710227927,
        1.1349773545960087,
        1.1348936611443907,
        1.1348336987759,
        1.1347850933266646,
        1.134854938061393,
        1.134909821682839,
        1.1347371300740459,
        1.1349038933030324,
        1.1347488324726047,
        1.135024619174363,
        1.1347836188455322,
        1.1342859732805184,
        1.134693640272821,
        1.1345396652173756,
        1.1348412391768028,
        1.134945520516017,
        1.134894015489511,
        1.1349414026797118,
        1.1347006167359088,
        1.134661011767747,
        1.1347140884399414,
        1.1348533206009985,
        1.1346045908856033,
        1.1344848889441945,
        1.134504283037617,
        1.1349531276501603,
        1.134631788455062,
        1.1347377925422324,
        1.134673099829324,
        1.1346901265101217,
        1.1345058551865008,
        1.1348006716924697,
        1.134816645401806,
        1.1346021592796747,
        1.134926761622405,
        1.1345598223460978,
        1.1346588127577124,
        1.135060709780784,
        1.1348089788187687,
        1.1347349671023574,
        1.1346973274221372,
        1.1346382108525415,
        1.1348613265531147,
        1.1345104332305678,
        1.1347683351602986,
        1.1347090925283767,
        1.1345497270804554,
        1.1346810347590615,
        1.1346425398630113,
        1.1347698977484775,
        1.134666843390345,
        1.1345461009375415,
        1.1348008102627856,
        1.1347726657043151,
        1.13499886709242,
        1.1345290438254274,
        1.1346660969604798,
        1.1349429477519126,
        1.1347455702834393,
        1.134737011032488,
        1.134771837133858,
        1.1345677852390998,
        1.1345555058675796,
        1.134404515189741,
        1.134714677465621,
        1.1348527740593533
    ],
    "val_loss": [
        6.053931142151717,
        6.041465489803505,
        6.11908542211296,
        6.188723989073937,
        6.230148650601403,
        6.26768161322378,
        6.293389187570975,
        6.33067766461933,
        6.342912751887291,
        6.3519932234387495,
        6.362702685799425,
        6.3686798170685925,
        6.375148765737284,
        6.386479506328722,
        6.384488909271618,
        6.389776905758716,
        6.396164125424779,
        6.398921985614966,
        6.398507001249114,
        6.403891816851769,
        6.405822479438247,
        6.404697019875551,
        6.406708900864136,
        6.406575992723221,
        6.406946673085862,
        6.405748380955596,
        6.406995714721927,
        6.4077193062114475,
        6.407551479578757,
        6.407504420836848,
        6.4078846504632345,
        6.408055330873819,
        6.40809746867595,
        6.408165809731512,
        6.408539689172772,
        6.4084068306217965,
        6.408619279407052,
        6.40880055039976,
        6.4088303398146955,
        6.408841586109459,
        6.408869303227667,
        6.408849790958304,
        6.4088617128720236,
        6.408820362248627,
        6.408816725020037,
        6.4088557022900545,
        6.408880691961617,
        6.408889248863859,
        6.408876299418466,
        6.408863059045432,
        6.408867166077147,
        6.408866411184628,
        6.408871633251397,
        6.408871373906567,
        6.408877585661905,
        6.408879919343333,
        6.408883072700731,
        6.408892129582102,
        6.408895261415357,
        6.408890572317337,
        6.408897198939995,
        6.408902691817069,
        6.408905319450773,
        6.408907162015954,
        6.408914833051966,
        6.408921206168042,
        6.40892034463957,
        6.408913451427027,
        6.408908563547209,
        6.408912588491748,
        6.408917297707105,
        6.408916872781117,
        6.408920854466348,
        6.408920861711402,
        6.408918458815081,
        6.408925500305059,
        6.4089330733569785,
        6.408947113077625,
        6.408957209940909,
        6.408963636163941,
        6.408972407744898,
        6.40898430532086,
        6.408986667771487,
        6.4089878417517445,
        6.408991234336636,
        6.408998811608976,
        6.409001093379233,
        6.409006531531523,
        6.408998320281708,
        6.40900277739729,
        6.409007136528779,
        6.409011108155341,
        6.409017968167245,
        6.409019724213808,
        6.409020578497225,
        6.409015255632751,
        6.409017157143135,
        6.409025480656132,
        6.409030604738809,
        6.409033245244795
    ],