{
    "epoch": [
        1,
        2,
        3,
        4,
        5,
        6,
        7,
        8,
        9,
        10,
        11,
        12,
        13,
        14,
        15,
        16,
        17,
        18,
        19,
        20,
        21,
        22,
        23,
        24,
        25,
        26,
        27,
        28,
        29,
        30,
        31,
        32,
        33,
        34,
        35,
        36,
        37,
        38,
        39,
        40,
        41,
        42,
        43,
        44,
        45,
        46,
        47,
        48,
        49,
        50,
        51,
        52,
        53,
        54,
        55,
        56,
        57,
        58,
        59,
        60,
        61,
        62,
        63,
        64,
        65,
        66,
        67,
        68,
        69,
        70,
        71,
        72,
        73,
        74,
        75,
        76,
        77,
        78,
        79,
        80,
        81,
        82,
        83,
        84,
        85,
        86,
        87,
        88,
        89,
        90,
        91,
        92,
        93,
        94,
        95,
        96,
        97,
        98,
        99,
        100
    ],
    "train_loss": [
        3.833551413569618,
        2.2490209023557117,
        1.7121018906214729,
        1.4573668893018559,
        1.314068863547627,
        1.271343977559152,
        1.2451036367703923,
        1.2210560057989917,
        1.2102042264554969,
        1.2027556427998758,
        1.1947514116584357,
        1.1901098561167118,
        1.1876988370933725,
        1.1837373826252156,
        1.1820467335255302,
        1.1805546116229877,
        1.1787001328252669,
        1.1776191656074333,
        1.1772229814050186,
        1.1760466455334995,
        1.1756153660203943,
        1.1753598291790066,
        1.1750308909248468,
        1.1741142156974753,
        1.1740393986534234,
        1.1736219415712597,
        1.1736063618396395,
        1.1737617981254156,
        1.1736849143157653,
        1.1737261345398486,
        1.1738524008276474,
        1.1734403892258305,
        1.1740555487685467,
        1.1735097948390636,
        1.1734903364564906,
        1.1731346412639523,
        1.1731955222508417,
        1.17344370223769,
        1.1737743004362786,
        1.1731359006891298,
        1.1734705985371192,
        1.1731722924218106,
        1.1735322539890232,
        1.1731712616388523,
        1.1734378484265888,
        1.1730624664249132,
        1.1739516136993715,
        1.1729242026985591,
        1.1734246268823518,
        1.1730219754981037,
        1.173677718339853,
        1.1735253223821744,
        1.17381545289677,
        1.1739601079183608,
        1.1732802915093887,
        1.1733142231217581,
        1.1734677706291927,
        1.1737268819281803,
        1.1730152233401734,
        1.1731938866035423,
        1.1733032715140874,
        1.1728450756696,
        1.172623965081258,
        1.1734287512362302,
        1.1731981182098388,
        1.1733209399362305,
        1.1738024896113717,
        1.1732917370628473,
        1.1731916327692156,
        1.1733190864294618,
        1.1731740271026765,
        1.17348688753406,
        1.17316049594975,
        1.173581748080613,
        1.1729012761523376,
        1.1732126787559471,
        1.1731663076362417,
        1.1730983153779304,
        1.1731291401925399,
        1.1731895706042572,
        1.1728713272564375,
        1.1730854003992512,
        1.1732564818080347,
        1.1728224808966095,
        1.1732216518009129,
        1.173751956158547,
        1.1733457925211843,
        1.1730351310039884,
        1.1728843835131009,
        1.1732372937370186,
        1.1731531271623008,
        1.173874095097259,
        1.1735430237755704,
        1.1730920830923108,
        1.17300359019083,
        1.1734030747293827,
        1.173114797505901,
        1.1733308757609457,
        1.1737010669468635,
        1.1735770300045685
    ],
    "val_loss": [
        5.554688330508383,
        5.56564742812964,
        5.582490706271453,
        5.637318375153182,
        5.60956002885498,
        5.61433341703965,
        5.626654487142241,
        5.635054857088306,
        5.625373879159898,
        5.6232743065588275,
        5.617672443671254,
        5.622572014405323,
        5.626758704302954,
        5.635506928960629,
        5.632255668291249,
        5.624609109099451,
        5.630088951123782,
        5.63728390761332,
        5.629232412806161,
        5.632431008116231,
        5.633589976339288,
        5.631257039956559,
        5.630391742226859,
        5.633977701291519,
        5.632010986749042,
        5.633984884095238,
        5.633067364220705,
        5.633144862392621,
        5.633735173992535,
        5.6331428090174445,
        5.633474946461661,
        5.633594706094024,
        5.633700095476487,
        5.634121513732469,
        5.63412604737834,
        5.634593718979348,
        5.634316484068924,
        5.634483121598183,
        5.634296874589213,
        5.634312534247867,
        5.634192674380521,
        5.634244215841894,
        5.634110732317006,
        5.63411520434474,
        5.634089111103599,
        5.634118230737826,
        5.634056403127317,
        5.6340791844639355,
        5.634079710609671,
        5.6340897499345575,
        5.634080734905688,
        5.634060116042112,
        5.634060757264642,
        5.634037100120462,
        5.634056278413896,
        5.634054473480797,
        5.634071146673396,
        5.634063164592405,
        5.634055139252105,
        5.63405103222039,
        5.6340450957067985,
        5.634043042894344,
        5.634051256957774,
        5.634046582349864,
        5.634037325279888,
        5.6340444848712945,
        5.634033866504737,
        5.6340182753575725,
        5.634026956199492,
        5.634036697351681,
        5.634032806405488,
        5.634032580261298,
        5.634037896091739,
        5.634026842740525,
        5.634027924574939,
        5.634021571787221,
        5.63402729805354,
        5.634031586774349,
        5.6340481072580735,
        5.634069188679719,
        5.634041019906195,
        5.634042078809658,
        5.6340414492636235,
        5.634039017598104,
        5.634038775768018,
        5.634049217087942,
        5.634048015745292,
        5.634054728886567,
        5.634055898646405,
        5.634053955283519,
        5.63405929404491,
        5.634067760208114,
        5.634074643150968,
        5.634089734530023,
        5.634109716813532,
        5.6341123530990975,
        5.6341189366734685,
        5.634136027758022,
        5.63413181127674,
        5.634134392837522
    ],