{
    "epoch": [
        1,
        2,
        3,
        4,
        5,
        6,
        7,
        8,
        9,
        10,
        11,
        12,
        13,
        14,
        15,
        16,
        17,
        18,
        19,
        20,
        21,
        22,
        23,
        24,
        25,
        26,
        27,
        28,
        29,
        30,
        31,
        32,
        33,
        34,
        35,
        36,
        37,
        38,
        39,
        40,
        41,
        42,
        43,
        44,
        45,
        46,
        47,
        48,
        49,
        50,
        51,
        52,
        53,
        54,
        55,
        56,
        57,
        58,
        59,
        60,
        61,
        62,
        63,
        64,
        65,
        66,
        67,
        68,
        69,
        70,
        71,
        72,
        73,
        74,
        75,
        76,
        77,
        78,
        79,
        80,
        81,
        82,
        83,
        84,
        85,
        86,
        87,
        88,
        89,
        90,
        91,
        92,
        93,
        94,
        95,
        96,
        97,
        98,
        99,
        100
    ],
    "train_loss": [
        4.103054627966603,
        1.307428555283095,
        1.0500555715063635,
        1.0088454362507684,
        0.9768713768649567,
        0.9614636330984254,
        0.9536578389883932,
        0.9480066717028308,
        0.9436733263769431,
        0.9399215984689665,
        0.9378731613474158,
        0.9349091252028274,
        0.93323510082285,
        0.9325491094289895,
        0.9317319180048264,
        0.931661486773992,
        0.9291900160247661,
        0.9293410380209427,
        0.9298722529867065,
        0.9292345919661387,
        0.9280120453512544,
        0.9291213631373754,
        0.9282825519469323,
        0.9281508621081631,
        0.9278142999677741,
        0.9267439860224845,
        0.9280847318031415,
        0.9276040093673056,
        0.9275177624171412,
        0.9279087362361161,
        0.9277508397431897,
        0.927167560366292,
        0.9276967567497351,
        0.9282800192248294,
        0.9269410679006237,
        0.9271278898581945,
        0.9273425275121739,
        0.9282038617951206,
        0.9274781042129094,
        0.926992606373748,
        0.9267231045690493,
        0.9272224238832778,
        0.9277606926923315,
        0.9273790294950653,
        0.9279019565499216,
        0.9280146881541897,
        0.927325092813114,
        0.9271507395525996,
        0.9278142334055461,
        0.9277086928141305,
        0.9273367922050679,
        0.927144539193079,
        0.9276859584457127,
        0.9272523258433812,
        0.927901060963335,
        0.9269045453685911,
        0.9277031675896322,
        0.9271146848101702,
        0.9284061805827897,
        0.9273159122213548,
        0.9271620884697815,
        0.9279673745993264,
        0.9286177275259292,
        0.9267286923174108,
        0.9278170510177604,
        0.9268916779588674,
        0.9269172690624216,
        0.9274419862993998,
        0.9273703790886776,
        0.9275216079920534,
        0.92764570199045,
        0.9272864615265943,
        0.9276827937094231,
        0.9275480851829355,
        0.9268753696264637,
        0.9273047772700829,
        0.9271048008283195,
        0.9279585401877843,
        0.9279364377661348,
        0.9275235186104807,
        0.9279782297977723,
        0.927987170474263,
        0.9282341193875068,
        0.9282367318858524,
        0.9277396213413701,
        0.9274065085172573,
        0.9278513444331609,
        0.9277828817331957,
        0.9278142506309581,
        0.9266246962757648,
        0.9273826318174961,
        0.9281073919977892,
        0.9274015781863514,
        0.9271861765465846,
        0.9280109035794841,
        0.9272834112196268,
        0.9276899587054986,
        0.9267079903049014,
        0.9263384838797849,
        0.9269396037540882
    ],
    "val_loss": [
        4.844205964204952,
        4.660787968613983,
        4.597325012155248,
        4.50378238669348,
        4.496858113491697,
        4.512805442464837,
        4.524335787846492,
        4.534519743595728,
        4.542134170618532,
        4.548153294697067,
        4.553693758416499,
        4.5561739718752206,
        4.558635234832764,
        4.562078393962048,
        4.563300965598266,
        4.5647988794076495,
        4.566769809205068,
        4.567616829505334,
        4.568172782794383,
        4.5687941447642055,
        4.569191255181084,
        4.569726583644815,
        4.570317119494822,
        4.570576447706956,
        4.570827104387241,
        4.5710659264439375,
        4.571177277629731,
        4.5712978354406575,
        4.571387564974133,
        4.571444770329678,
        4.571502443891845,
        4.571560894202323,
        4.571600344386036,
        4.571620520423441,
        4.571645628812626,
        4.571653950807735,
        4.57166677578542,
        4.57169055075667,
        4.5716994855198925,
        4.571711113010596,
        4.571722300343923,
        4.571730093718654,
        4.571733390583711,
        4.571738724255454,
        4.571740733012894,
        4.571742303770592,
        4.571744237010835,
        4.57174603216249,
        4.571746998782611,
        4.571747400102573,
        4.571748429294086,
        4.571748817668242,
        4.5717492945054,
        4.571749508111186,
        4.571749708771166,
        4.571749922376952,
        4.571750060465541,
        4.571750198554129,
        4.571750261125522,
        4.571750599874091,
        4.571750863105463,
        4.5717510637654435,
        4.57175127737123,
        4.571751892296977,
        4.571751892296977,
        4.571752494276918,
        4.571752218099741,
        4.571752833025488,
        4.571753309862646,
        4.571753786699804,
        4.571754526768335,
        4.571754865516905,
        4.571755467496846,
        4.571755668156826,
        4.571755993959591,
        4.57175613204818,
        4.571756408225357,
        4.5717571612396934,
        4.571757361899674,
        4.571757562559655,
        4.571758039396813,
        4.571758240056793,
        4.571758766519538,
        4.571758904608127,
        4.571759381445285,
        4.571760009316837,
        4.571760335119602,
        4.571760950045348,
        4.571761288793918,
        4.571761903719665,
        4.571762028862448,
        4.571762305039626,
        4.5717625941626086,
        4.57176299548257,
        4.57176353489112,
        4.571763949156886,
        4.571764363422653,
        4.571764902831203,
        4.5717656428997335,
        4.571766244879675
    ],