{
    "epoch": [
        1,
        2,
        3,
        4,
        5,
        6,
        7,
        8,
        9,
        10,
        11,
        12,
        13,
        14,
        15,
        16,
        17,
        18,
        19,
        20,
        21,
        22,
        23,
        24,
        25,
        26,
        27,
        28,
        29,
        30,
        31,
        32,
        33,
        34,
        35,
        36,
        37,
        38,
        39,
        40,
        41,
        42,
        43,
        44,
        45,
        46,
        47,
        48,
        49,
        50,
        51,
        52,
        53,
        54,
        55,
        56,
        57,
        58,
        59,
        60,
        61,
        62,
        63,
        64,
        65,
        66,
        67,
        68,
        69,
        70,
        71,
        72,
        73,
        74,
        75,
        76,
        77,
        78,
        79,
        80,
        81,
        82,
        83,
        84,
        85,
        86,
        87,
        88,
        89,
        90,
        91,
        92,
        93,
        94,
        95,
        96,
        97,
        98,
        99,
        100
    ],
    "train_loss": [
        4.243377835648544,
        3.3675099255529033,
        2.9240212419067246,
        2.5975670211635546,
        2.3364461332509805,
        2.127251406582769,
        1.9676882974577283,
        1.8179329776467283,
        1.7448210323758475,
        1.685165761054218,
        1.6318090155434892,
        1.6040901918921024,
        1.5783159390042971,
        1.555005876845351,
        1.5401676758788203,
        1.530085543266166,
        1.5169397692452116,
        1.5146260167601937,
        1.5083721367817486,
        1.499087799818352,
        1.5003444135659412,
        1.498731182629691,
        1.4988182069628917,
        1.4924157392826918,
        1.4885539894835698,
        1.4910971746762758,
        1.4923192425591558,
        1.4932058715688477,
        1.4871215005739722,
        1.4878637965089008,
        1.4863741596986138,
        1.486723123006808,
        1.4857981765018233,
        1.48502983789305,
        1.4876592618914686,
        1.4874264677853142,
        1.480961810820842,
        1.4839669252539223,
        1.4870636643479547,
        1.488695624333209,
        1.4871936697789885,
        1.4881796989701295,
        1.4844030029151196,
        1.484430770618315,
        1.4863404047035291,
        1.489141087921786,
        1.4825600902644605,
        1.4843796695214622,
        1.484626317304384,
        1.4878371540944317,
        1.485279928394386,
        1.4833825881920215,
        1.4867139420993565,
        1.4878729188039166,
        1.4842191780569998,
        1.4827231725551353,
        1.4883136476186911,
        1.4833807949989348,
        1.4831556323129291,
        1.485871019804782,
        1.4839759594242898,
        1.4863267142846421,
        1.4917539117605578,
        1.4798135835999038,
        1.4855095678248937,
        1.485295211504588,
        1.4845882721275758,
        1.478760223153563,
        1.4837683806543793,
        1.4838222359039908,
        1.4881391792512697,
        1.48327469318997,
        1.4867024059552736,
        1.4836550229952965,
        1.4866883525114498,
        1.4794990080209462,
        1.4845871924118035,
        1.4816491813760193,
        1.4836245965768127,
        1.4851846273755238,
        1.4877247406613627,
        1.4885497128013834,
        1.4823690961839746,
        1.4845226977485493,
        1.482124654868116,
        1.4861470228323401,
        1.4838468175379063,
        1.4878751359415194,
        1.4881439899616846,
        1.485347842120965,
        1.4833303076434978,
        1.4872888530511252,
        1.4859695959857488,
        1.4895703120753756,
        1.4835438911393384,
        1.486366699680014,
        1.4871559918019486,
        1.484872636264401,
        1.4916724689160203,
        1.4824310156148355
    ],
    "val_loss": [
        3.9111056484294884,
        3.7604245167733885,
        3.6893349747995434,
        3.67238809737105,
        3.685799592928977,
        3.686097434147652,
        3.7288400612140977,
        3.7243903617990655,
        3.7572182176026656,
        3.7719198978009003,
        3.778010401289286,
        3.778891182934064,
        3.787526837284701,
        3.7914853087772773,
        3.7974432531827884,
        3.7996683359557895,
        3.80374546495744,
        3.8028771971997406,
        3.807514012786391,
        3.808627999096543,
        3.8093223110587693,
        3.8098095472200755,
        3.810561406591807,
        3.811248982714454,
        3.812423013446656,
        3.8128679692230487,
        3.81322571403622,
        3.8135152711357683,
        3.8137402221534744,
        3.8139113366912683,
        3.8137986400584483,
        3.813804417282394,
        3.813907336694589,
        3.813985542106299,
        3.8139964648890783,
        3.81404164500393,
        3.814057251332337,
        3.814071134787973,
        3.8141182873121404,
        3.814117245517658,
        3.8141252735118174,
        3.8141310828543284,
        3.8141348094314287,
        3.814139024375428,
        3.8141476815640414,
        3.8141539973916165,
        3.814153530437094,
        3.814151577793049,
        3.8141533838446686,
        3.81415345961154,
        3.8141544338746804,
        3.8141539669201574,
        3.814154007274252,
        3.8141538367987913,
        3.8141532191340786,
        3.8141535049069524,
        3.8141534143161278,
        3.8141532586646205,
        3.814153559261447,
        3.814154638115812,
        3.8141549494188274,
        3.8141549593014625,
        3.8141537346782255,
        3.8141538499756384,
        3.814154386932162,
        3.8141546825876715,
        3.8141551091880994,
        3.8141551240120526,
        3.8141558767394494,
        3.814155730970577,
        3.8141561378057345,
        3.8141566797035757,
        3.814156724998988,
        3.814156177336276,
        3.814155835561802,
        3.814155845444437,
        3.814154971654757,
        3.8141550268328044,
        3.8141554937873274,
        3.8141550770695347,
        3.8141555588480105,
        3.814155563789328,
        3.8141551223649466,
        3.814154484934963,
        3.814154274105408,
        3.8141535213780116,
        3.814153511495376,
        3.8141539331544867,
        3.814153962802393,
        3.814153962802393,
        3.814154605173694,
        3.8141550268328044,
        3.8141544643461396,
        3.8141547303537426,
        3.8141546298802824,
        3.814154353990044,
        3.814154820944567,
        3.814154705647154,
        3.8141544346982332,
        3.814154475052328
    ],