{
    "epoch": [
        1,
        2,
        3,
        4,
        5,
        6,
        7,
        8,
        9,
        10,
        11,
        12,
        13,
        14,
        15,
        16,
        17,
        18,
        19,
        20,
        21,
        22,
        23,
        24,
        25,
        26,
        27,
        28,
        29,
        30,
        31,
        32,
        33,
        34,
        35,
        36,
        37,
        38,
        39,
        40,
        41,
        42,
        43,
        44,
        45,
        46,
        47,
        48,
        49,
        50,
        51,
        52,
        53,
        54,
        55,
        56,
        57,
        58,
        59,
        60,
        61,
        62,
        63,
        64,
        65,
        66,
        67,
        68,
        69,
        70,
        71,
        72,
        73,
        74,
        75,
        76,
        77,
        78,
        79,
        80,
        81,
        82,
        83,
        84,
        85,
        86,
        87,
        88,
        89,
        90,
        91,
        92,
        93,
        94,
        95,
        96,
        97,
        98,
        99,
        100
    ],
    "train_loss": [
        4.361038668186844,
        3.2456839498400476,
        2.6004490142497287,
        2.128559732154234,
        1.8079908708432642,
        1.6015108329250984,
        1.4644544893101843,
        1.3685529943257115,
        1.3370220797600665,
        1.299435853230281,
        1.2719064927116241,
        1.2595919876506227,
        1.249017332866509,
        1.2385109563926062,
        1.2320572225105844,
        1.2277652204369738,
        1.2187296133369325,
        1.2197392093346324,
        1.217296979578538,
        1.2135074854267887,
        1.2123078552302344,
        1.2104028792955601,
        1.2097022197095626,
        1.2084492543938317,
        1.2077376050997437,
        1.2089983801174038,
        1.2073974292005416,
        1.2083426492361558,
        1.2089492393991557,
        1.2075773780916248,
        1.2071865212635116,
        1.2078769448976159,
        1.205266726311571,
        1.2045474534182772,
        1.2067440933060876,
        1.2058086009160431,
        1.2045499677585572,
        1.2068649083195686,
        1.2051039320224648,
        1.2053322680541279,
        1.2057618941451045,
        1.2077870956729837,
        1.2040953600532303,
        1.2080928835820222,
        1.2043894603157517,
        1.2065985072051166,
        1.2030638451812714,
        1.2076616997982759,
        1.2059997791079673,
        1.2044963608015504,
        1.2056522642602763,
        1.2037273419218524,
        1.2060940498292505,
        1.2027895924792464,
        1.205589855989617,
        1.2060922418525915,
        1.2064805711704798,
        1.2104250925640982,
        1.2070343091008466,
        1.2055677737956785,
        1.203875103824102,
        1.2086245875418733,
        1.206392526063534,
        1.2058319538448903,
        1.2059133666484945,
        1.205464429675719,
        1.2034262106939229,
        1.205058057944996,
        1.205450089171037,
        1.2058823325929124,
        1.2053526820252618,
        1.207058761637714,
        1.2074916708284682,
        1.2030950350514493,
        1.2075709651866602,
        1.2079973638445667,
        1.207288701353957,
        1.2048836918678105,
        1.206087096826072,
        1.2048454155989776,
        1.2063239560644443,
        1.207403267695397,
        1.205948333127468,
        1.2053782620344025,
        1.205475159795814,
        1.2065784453205863,
        1.2066257679134902,
        1.2059714259876646,
        1.2038805804269928,
        1.203647921323076,
        1.2048244565308186,
        1.2062069437181226,
        1.2041618787612682,
        1.205817699020383,
        1.2029387108240457,
        1.2014508273193525,
        1.2061581142788746,
        1.208108061689721,
        1.2042351455143552,
        1.2043996130182106
    ],
    "val_loss": [
        3.9428772992214802,
        3.665747619457607,
        3.5523867458877167,
        3.528319246822482,
        3.563012448823102,
        3.598648231058335,
        3.649906100798559,
        3.66979946126592,
        3.681097233645451,
        3.696899997549765,
        3.705259090466409,
        3.7158005896421704,
        3.721744056810369,
        3.7283335436193434,
        3.7317411508379,
        3.7347456000629484,
        3.7366783478923002,
        3.739832361333317,
        3.7412124017771458,
        3.7420022042921786,
        3.7432854624403986,
        3.7445693707836725,
        3.74532470843129,
        3.745811877061254,
        3.7468367586481754,
        3.746900610767292,
        3.7472570564256844,
        3.747387511330771,
        3.7476387373935784,
        3.747839675666137,
        3.7479395685212396,
        3.7480424319318333,
        3.748133240586118,
        3.7482269728533755,
        3.7482355369805056,
        3.7482959602369132,
        3.7483412828264253,
        3.748358876799878,
        3.7483768080182642,
        3.748401573902585,
        3.748405256007825,
        3.748406883348455,
        3.7484223476139786,
        3.748426609500496,
        3.7484311551010054,
        3.7484339424159656,
        3.7484352448649565,
        3.748438381778144,
        3.7484407779054525,
        3.7484415956935324,
        3.7484420498829842,
        3.7484431966804674,
        3.7484433622146107,
        3.7484433395669043,
        3.748443733636991,
        3.7484438015801094,
        3.7484438468755217,
        3.748443791697474,
        3.7484440951767364,
        3.7484444064797513,
        3.748444419244822,
        3.7484440301160533,
        3.7484444064797513,
        3.7484446724873544,
        3.748444943436275,
        3.748445535570846,
        3.7484453375063618,
        3.748445791695814,
        3.74844576410679,
        3.7484459197582978,
        3.748446030114393,
        3.748446052762099,
        3.74844576410679,
        3.7484461857659004,
        3.7484462961219958,
        3.748446168059512,
        3.7484464163607267,
        3.748446378889067,
        3.7484462635916542,
        3.7484466251313995,
        3.7484471670292407,
        3.7484473601524075,
        3.7484474556845497,
        3.7484475610993275,
        3.7484477719288827,
        3.748447809400542,
        3.748447736516106,
        3.7484481631165343,
        3.7484481503514635,
        3.7484480272302974,
        3.748448233118535,
        3.7484483434746303,
        3.748448320826924,
        3.7484483533572655,
        3.7484485818932094,
        3.748448958256908,
        3.7484495050960667,
        3.748449630276115,
        3.748450744543257,
        3.748450428298924
    ],