{
    "epoch": [
        1,
        2,
        3,
        4,
        5,
        6,
        7,
        8,
        9,
        10,
        11,
        12,
        13,
        14,
        15,
        16,
        17,
        18,
        19,
        20,
        21,
        22,
        23,
        24,
        25,
        26,
        27,
        28,
        29,
        30,
        31,
        32,
        33,
        34,
        35,
        36,
        37,
        38,
        39,
        40,
        41,
        42,
        43,
        44,
        45,
        46,
        47,
        48,
        49,
        50,
        51,
        52,
        53,
        54,
        55,
        56,
        57,
        58,
        59,
        60,
        61,
        62,
        63,
        64,
        65,
        66,
        67,
        68,
        69,
        70,
        71,
        72,
        73,
        74,
        75,
        76,
        77,
        78,
        79,
        80,
        81,
        82,
        83,
        84,
        85,
        86,
        87,
        88,
        89,
        90,
        91,
        92,
        93,
        94,
        95,
        96,
        97,
        98,
        99,
        100
    ],
    "train_loss": [
        4.400020828294312,
        3.250660247732971,
        2.6030089945282557,
        2.1288959074182436,
        1.8111712017625674,
        1.601434065363016,
        1.4654098677405851,
        1.3737033614982666,
        1.3308968400015864,
        1.3040032763063931,
        1.272934533904125,
        1.2610240861516855,
        1.2501280127936165,
        1.2402132942300124,
        1.2310470096678114,
        1.227582918712534,
        1.2197211768438887,
        1.2177042448330457,
        1.2185608273888435,
        1.2138656633157456,
        1.2134995215513569,
        1.2101200050448266,
        1.2096079677544214,
        1.208760208993194,
        1.2075628751324423,
        1.2095345910480857,
        1.2090723824373322,
        1.207461457189056,
        1.207737620240374,
        1.2081183807949174,
        1.2094521730027574,
        1.2060734044914319,
        1.2070660592224127,
        1.20537111777176,
        1.2047659603037817,
        1.2049074495630423,
        1.207195962878198,
        1.2070844130241118,
        1.2057154535814665,
        1.2068255280412896,
        1.2061375930598925,
        1.2061186046632202,
        1.2076021571511202,
        1.2077257133190769,
        1.2071784320882055,
        1.2065355011919843,
        1.208938704466162,
        1.2073448328617278,
        1.2061062172792534,
        1.2056157454444025,
        1.2053656924135516,
        1.20958934945518,
        1.205640544238216,
        1.2061769229655346,
        1.207478731364247,
        1.20572844701637,
        1.207706066624277,
        1.204642396898535,
        1.2065223283148616,
        1.206723340727287,
        1.2069041037516937,
        1.207369619543037,
        1.2044272421829219,
        1.2098308880684405,
        1.2060059781764194,
        1.207802850504802,
        1.204702742273759,
        1.2059637320343095,
        1.2056696060018175,
        1.2059048091573557,
        1.2094359012402929,
        1.2050411795685418,
        1.2075625325010075,
        1.2077705685797528,
        1.2058983467861322,
        1.2038154278226687,
        1.2053647452280767,
        1.2094330425656863,
        1.2064505596533328,
        1.2061655264105104,
        1.2061911855972511,
        1.2057844234236608,
        1.2071556734754485,
        1.2084912242623533,
        1.2083846361953936,
        1.2053922042272092,
        1.2079275529180404,
        1.2053176417520235,
        1.2041341629070068,
        1.20747126249473,
        1.2062647977558385,
        1.2078504963999457,
        1.2068871815395097,
        1.207176550557609,
        1.2046417074677005,
        1.207831325416198,
        1.2069836376614371,
        1.205177864606229,
        1.2074182847562278,
        1.206161714068454
    ],
    "val_loss": [
        3.973495524576085,
        3.6952956900489555,
        3.574609392047546,
        3.558943159221985,
        3.591419780398486,
        3.6397307532644847,
        3.7001599491363155,
        3.710129735383345,
        3.730577904531581,
        3.745760507534205,
        3.7542516555193175,
        3.764850087734084,
        3.7738282898753006,
        3.7794202424083965,
        3.7839978783035937,
        3.7887951310640378,
        3.7899964329286355,
        3.791005823896339,
        3.7927881868392075,
        3.7945060771158117,
        3.795901747359307,
        3.7977079702782506,
        3.79878454751919,
        3.7993284342408384,
        3.7999394924117698,
        3.80015127728846,
        3.8004508463212248,
        3.8008139911710908,
        3.8008319742733128,
        3.800909716024712,
        3.801031002314803,
        3.8011005208899937,
        3.801201776725229,
        3.8013044581306206,
        3.801331875855441,
        3.801363484641225,
        3.8014105078675793,
        3.8014475776329766,
        3.8014684250523594,
        3.8014865086280416,
        3.801495570181153,
        3.8015112127458903,
        3.8015194795704055,
        3.801521452803274,
        3.801525297971999,
        3.8015246201879207,
        3.80152771839412,
        3.8015275125058823,
        3.8015300268130394,
        3.8015307498925295,
        3.801531949809178,
        3.801532040400003,
        3.8015319753393197,
        3.801532387115795,
        3.801531860041907,
        3.8015324974718903,
        3.8015327083014454,
        3.8015327535968577,
        3.8015328688942707,
        3.801533175255968,
        3.8015337476252684,
        3.8015338983354585,
        3.8015343298772044,
        3.801534435291982,
        3.801533908218094,
        3.8015337525665864,
        3.801533526913078,
        3.801534284581792,
        3.801534615650078,
        3.8015346255327134,
        3.8015350924872364,
        3.801534816596998,
        3.8015349870724586,
        3.8015346708281257,
        3.8015349969550942,
        3.80153527778665,
        3.8015350117790474,
        3.8015351171938248,
        3.8015348561275397,
        3.801534499529112,
        3.8015346551806197,
        3.8015349813075883,
        3.8015354532034284,
        3.8015354433207933,
        3.8015351171938248,
        3.8015354433207933,
        3.801536291580332,
        3.8015365979420292,
        3.8015369594817745,
        3.801537230430695,
        3.8015370747791875,
        3.80153686889095,
        3.80153634675838,
        3.8015364019364273,
        3.801536241343602,
        3.801536090633412,
        3.8015363516996974,
        3.801536025572729,
        3.801536502409887,
        3.8015363516996974
    ],