{
    "epoch": [
        1,
        2,
        3,
        4,
        5,
        6,
        7,
        8,
        9,
        10,
        11,
        12,
        13,
        14,
        15,
        16,
        17,
        18,
        19,
        20,
        21,
        22,
        23,
        24,
        25,
        26,
        27,
        28,
        29,
        30,
        31,
        32,
        33,
        34,
        35,
        36,
        37,
        38,
        39,
        40,
        41,
        42,
        43,
        44,
        45,
        46,
        47,
        48,
        49,
        50,
        51,
        52,
        53,
        54,
        55,
        56,
        57,
        58,
        59,
        60,
        61,
        62,
        63,
        64,
        65,
        66,
        67,
        68,
        69,
        70,
        71,
        72,
        73,
        74,
        75,
        76,
        77,
        78,
        79,
        80,
        81,
        82,
        83,
        84,
        85,
        86,
        87,
        88,
        89,
        90,
        91,
        92,
        93,
        94,
        95,
        96,
        97,
        98,
        99,
        100
    ],
    "train_loss": [
        3.458556430262417,
        1.2195088844765312,
        1.0753427880231834,
        1.0178295355915903,
        0.9877161349987043,
        0.9735395925951926,
        0.9631232333094296,
        0.9571610782200658,
        0.9520459938960814,
        0.9495686913167658,
        0.945263995835447,
        0.9433536409603607,
        0.9426298926634671,
        0.940918267588987,
        0.9404493970928143,
        0.9385631511066042,
        0.937979608002244,
        0.9371704309723682,
        0.9373910783871903,
        0.9370809167357217,
        0.9373729248187644,
        0.9369366088815302,
        0.9365700987275,
        0.9363750833392265,
        0.9364497707637373,
        0.9353748037458854,
        0.9356159771436642,
        0.9359187460393337,
        0.9358032299185646,
        0.9353240911149693,
        0.9355507146353474,
        0.9355172771644894,
        0.9371717884898955,
        0.9350055205701986,
        0.9364277510105815,
        0.93590923949289,
        0.9365117976115632,
        0.9352961547732582,
        0.9357171564697613,
        0.9355278821191614,
        0.9352125688627179,
        0.9360421054463839,
        0.9357841993643005,
        0.9357798022391124,
        0.9355643867920487,
        0.9355343720274076,
        0.9357665472879573,
        0.9346850479691429,
        0.9358971873069697,
        0.9358072660584456,
        0.9357511128536272,
        0.9362841722598754,
        0.9357835358050247,
        0.9356859984771116,
        0.935024787284524,
        0.9353584474182927,
        0.9354503663561622,
        0.9362939621120971,
        0.9361110331111197,
        0.9353708279927032,
        0.9340993431059164,
        0.93623390631659,
        0.9359075586837067,
        0.935823979016114,
        0.934901283534589,
        0.9344655090348644,
        0.9353200099463107,
        0.9352124977160358,
        0.9355463320725429,
        0.9361246988698106,
        0.9348595821268215,
        0.9356948817670244,
        0.9355092957782714,
        0.9354593386923534,
        0.9353136434744904,
        0.9361382998596043,
        0.9362709050453055,
        0.9358485667175087,
        0.9348648630066595,
        0.9357108910649277,
        0.9353405908752979,
        0.9359853025839725,
        0.9353811415244169,
        0.9359776428511423,
        0.9349956956334196,
        0.9358134788634105,
        0.9354091291243695,
        0.9355125512395587,
        0.9354329751959323,
        0.9349040754131839,
        0.9351330482033418,
        0.9356226623766213,
        0.9359949663974165,
        0.9354131528997082,
        0.9354241381618127,
        0.9357389996472749,
        0.936168883541512,
        0.9349837884578267,
        0.9355435020081423,
        0.9354947375679512
    ],
    "val_loss": [
        4.414874059582188,
        4.458354494690355,
        4.324905680315527,
        4.288190338946036,
        4.312529147480408,
        4.339744846205906,
        4.367688127232893,
        4.371761494632221,
        4.386683578404906,
        4.397051030154682,
        4.4007336845225336,
        4.405880826630743,
        4.407736622909615,
        4.409802643961497,
        4.412358488971831,
        4.415145763984094,
        4.416947164147149,
        4.4192414024836335,
        4.420268675860236,
        4.420791090883281,
        4.421500352712778,
        4.42226106117214,
        4.422663634718813,
        4.4230335481566,
        4.423619166758265,
        4.423894804527317,
        4.424026573405547,
        4.424195419069869,
        4.424299184013815,
        4.424447711236876,
        4.424559567309073,
        4.4246015138755554,
        4.424623327557318,
        4.424651719865756,
        4.424688138573418,
        4.424735168526076,
        4.4247680163491365,
        4.424780675188988,
        4.42479770108046,
        4.424811477574828,
        4.424817387334901,
        4.42482738365415,
        4.424839388730839,
        4.424843464501842,
        4.424848571621994,
        4.4248535126043125,
        4.424855795381296,
        4.424858367281262,
        4.424861202412601,
        4.424862231604115,
        4.424863461455608,
        4.424865105572869,
        4.424865230715652,
        4.424866033355575,
        4.424866635335516,
        4.42486729988685,
        4.424868240615361,
        4.424868980683892,
        4.424869444575245,
        4.424869908466598,
        4.424870661480933,
        4.42487141449527,
        4.424871815815231,
        4.424872430740978,
        4.424872832060939,
        4.424873723163864,
        4.424874187055217,
        4.4248750026409445,
        4.42487575565528,
        4.424877048078166,
        4.424877863663894,
        4.4248784785896405,
        4.424879570352545,
        4.424879971672507,
        4.4248807872582345,
        4.424881464755373,
        4.424881727986746,
        4.42488225444949,
        4.4248832081238065,
        4.424883533926571,
        4.42488441208369,
        4.424884800457846,
        4.4248855534721825,
        4.424885967737949,
        4.424886720752284,
        4.424887536338012,
        4.424888414495132,
        4.42488889133229,
        4.424890058612392,
        4.424890522503745,
        4.424891400660864,
        4.4248921536752,
        4.424892542049356,
        4.424892617566553,
        4.42489303183232,
        4.424893985506636,
        4.424894587486578,
        4.424895866963658,
        4.424896406372208,
        4.424897698795094
    ],