{
    "epoch": [
        1,
        2,
        3,
        4,
        5,
        6,
        7,
        8,
        9,
        10,
        11,
        12,
        13,
        14,
        15,
        16,
        17,
        18,
        19,
        20,
        21,
        22,
        23,
        24,
        25,
        26,
        27,
        28,
        29,
        30,
        31,
        32,
        33,
        34,
        35,
        36,
        37,
        38,
        39,
        40,
        41,
        42,
        43,
        44,
        45,
        46,
        47,
        48,
        49,
        50,
        51,
        52,
        53,
        54,
        55,
        56,
        57,
        58,
        59,
        60,
        61,
        62,
        63,
        64,
        65,
        66,
        67,
        68,
        69,
        70,
        71,
        72,
        73,
        74,
        75,
        76,
        77,
        78,
        79,
        80,
        81,
        82,
        83,
        84,
        85,
        86,
        87,
        88,
        89,
        90,
        91,
        92,
        93,
        94,
        95,
        96,
        97,
        98,
        99,
        100
    ],
    "train_loss": [
        2.888635319513292,
        1.393844606888354,
        1.2120882888774775,
        1.1819032714594548,
        1.1680767875939757,
        1.1575573630548601,
        1.1499291413273645,
        1.1450432809513418,
        1.1413201275542753,
        1.138306928567551,
        1.1368910370400203,
        1.1342554199755492,
        1.133095418604175,
        1.1323258597886743,
        1.131212266965128,
        1.1307210464573385,
        1.1298421485939218,
        1.1295296352712354,
        1.1292401906114127,
        1.1286835632611758,
        1.1287425494074221,
        1.1281900012193613,
        1.1282863466703712,
        1.1280460158304952,
        1.128199141037524,
        1.1277817098579215,
        1.1279859651393027,
        1.1276445335838663,
        1.1274859937591168,
        1.1276766672805325,
        1.1279515333031889,
        1.1278205773818433,
        1.1278009465231966,
        1.1275917441162033,
        1.1275260247657048,
        1.1277018105444596,
        1.127633980770207,
        1.1274629735707038,
        1.127696798842157,
        1.1275223795013811,
        1.1274983586258625,
        1.1277614406844478,
        1.1274265133076578,
        1.1274028919450003,
        1.1273324543746872,
        1.1275563161457005,
        1.1275068143863773,
        1.1276027778884274,
        1.1276367739337174,
        1.1273585694279502,
        1.1275967261300015,
        1.1274927705256783,
        1.1272867287103854,
        1.1276100247349572,
        1.1273703828648707,
        1.1276463033206499,
        1.1277425858243626,
        1.1274776312094836,
        1.127589966975265,
        1.1274580693843976,
        1.1276723892844502,
        1.1275217463383123,
        1.1273080577562802,
        1.127401065323221,
        1.127612648369679,
        1.127469820856449,
        1.127470401519507,
        1.1277105034296238,
        1.1277206570898468,
        1.1275704928978005,
        1.1274894766831518,
        1.1273750311166197,
        1.1275230435031143,
        1.1271663126394378,
        1.1275908535569157,
        1.1274043001721252,
        1.127562299924879,
        1.127587400345347,
        1.1274753848032735,
        1.1275956348438358,
        1.1273735463798944,
        1.1274119819468589,
        1.1275521302103397,
        1.1271745165149172,
        1.127383577955428,
        1.127602306298874,
        1.127739963675264,
        1.127304458186854,
        1.1273345072664807,
        1.127690619439935,
        1.127577264201102,
        1.1272563575859644,
        1.127594854076903,
        1.1276440964751506,
        1.1274631219892646,
        1.127738492357072,
        1.1273507503049458,
        1.1278008648618383,
        1.127599453662508,
        1.1275023125164474
    ],
    "val_loss": [
        5.441697984305186,
        5.354177244821996,
        5.5146442900225905,
        5.6025093591816395,
        5.631086231948598,
        5.685117546621194,
        5.6867612536140975,
        5.707295039776663,
        5.710695180627058,
        5.720511364926278,
        5.73214051624652,
        5.738333263445048,
        5.73855665409208,
        5.743522487184013,
        5.749119768805306,
        5.7477272397773005,
        5.751967916236829,
        5.751182715754573,
        5.75013919185442,
        5.753523806059742,
        5.752586497478314,
        5.756892079149205,
        5.756594936867733,
        5.7552026108419465,
        5.756286568268155,
        5.757249775318327,
        5.757916691978872,
        5.7577588426308886,
        5.758267277443123,
        5.7579761205617785,
        5.757986852668664,
        5.757758786850999,
        5.757376138501717,
        5.7571873160515725,
        5.757370007637768,
        5.757120291063753,
        5.757103727883444,
        5.75717073141746,
        5.757211845837999,
        5.757280437094146,
        5.757395819939595,
        5.757386820174579,
        5.757409366926167,
        5.757440423100268,
        5.75744821666915,
        5.75746393759424,
        5.757463468002137,
        5.757454702259429,
        5.757454559820243,
        5.757459492366176,
        5.757459718510366,
        5.757457203350864,
        5.757455666203435,
        5.7574533311152,
        5.757462483167051,
        5.757463014728993,
        5.7574612961034894,
        5.757466293432874,
        5.7574678565358886,
        5.757469477177299,
        5.757473218439251,
        5.757479654931973,
        5.757472263358128,
        5.757476709008235,
        5.757487315909317,
        5.757492526510609,
        5.7574966480324345,
        5.757494125627877,
        5.757494566450782,
        5.757500163150196,
        5.757498515146393,
        5.757499170648012,
        5.757495092385496,
        5.757500331755988,
        5.7575010910799485,
        5.757505914176314,
        5.7575073734569875,
        5.757504247461981,
        5.7574990700613276,
        5.757498766050382,
        5.757505796074885,
        5.757511980467831,
        5.757520125527388,
        5.757526815526692,
        5.757536598531383,
        5.757532645615351,
        5.757534548743563,
        5.7575338890215235,
        5.75754325413426,
        5.757543558145206,
        5.757543846259234,
        5.757545600898991,
        5.7575452868293775,
        5.757551066413673,
        5.757558861389363,
        5.757558492594965,
        5.757566064240078,
        5.757564780599232,
        5.757561638707308,
        5.757568027720302
    ],